date_transaction,Montant,Type
2007-01-31,21349.0,Reel
2007-02-01,14558.0,Reel
2007-02-02,17592.0,Reel
2007-02-03,19447.0,Reel
2007-02-04,17944.0,Reel
2007-02-05,27024.0,Reel
2007-02-06,15296.0,Reel
2007-02-07,17576.0,Reel
2007-02-08,20635.0,Reel
2007-02-09,21099.0,Reel
2007-02-10,30554.0,Reel
2007-02-11,19937.0,Reel
2007-02-12,19735.0,Reel
2007-02-13,17284.0,Reel
2007-02-14,16149.0,Reel
2007-02-15,21930.0,Reel
2007-02-16,16311.0,Reel
2007-02-17,17955.0,Reel
2007-02-18,27431.0,Reel
2007-02-19,20807.0,Reel
2007-02-20,21299.0,Reel
2007-02-21,21489.0,Reel
2007-02-22,17452.0,Reel
2007-02-23,23905.0,Reel
2007-02-24,14607.0,Reel
2007-02-25,15278.0,Reel
2007-02-26,24093.0,Reel
2007-02-27,13391.0,Reel
2007-02-28,19330.0,Reel
2007-03-01,19977.0,Reel
2007-03-02,24294.0,Reel
2007-03-03,17958.0,Reel
2007-03-04,23253.0,Reel
2007-03-05,21349.0,Reel
2007-03-06,22118.0,Reel
2007-03-07,14342.0,Reel
2007-03-08,11634.0,Reel
2007-03-09,13865.0,Reel
2007-03-10,17900.0,Reel
2007-03-11,13745.0,Reel
2007-03-12,19194.0,Reel
2007-03-13,21917.0,Reel
2007-03-14,17807.0,Reel
2007-03-15,26941.0,Reel
2007-03-16,28284.0,Reel
2007-03-17,11193.0,Reel
2007-03-18,11077.0,Reel
2007-03-19,24749.0,Reel
2007-03-20,18647.0,Reel
2007-03-21,16028.0,Reel
2007-03-22,20894.0,Reel
2007-03-23,14968.0,Reel
2007-03-24,15403.0,Reel
2007-03-25,29270.0,Reel
2007-03-26,21483.0,Reel
2007-03-27,24003.0,Reel
2007-03-28,16242.0,Reel
2007-03-29,22092.0,Reel
2007-03-30,12473.0,Reel
2007-03-31,20338.0,Reel
2007-04-01,16914.0,Reel
2007-04-02,21656.0,Reel
2007-04-03,20691.0,Reel
2007-04-04,16625.0,Reel
2007-04-05,28183.0,Reel
2007-04-06,14597.0,Reel
2007-04-07,16138.0,Reel
2007-04-08,11972.0,Reel
2007-04-09,16803.0,Reel
2007-04-10,17785.0,Reel
2007-04-11,18414.0,Reel
2007-04-12,18254.0,Reel
2007-04-13,15517.0,Reel
2007-04-14,17660.0,Reel
2007-04-15,18546.0,Reel
2007-04-16,19699.0,Reel
2007-04-17,25177.0,Reel
2007-04-18,16929.0,Reel
2007-04-19,22284.0,Reel
2007-04-20,16697.0,Reel
2007-04-21,24475.0,Reel
2007-04-22,15372.0,Reel
2007-04-23,20163.0,Reel
2007-04-24,15285.0,Reel
2007-04-25,19048.0,Reel
2007-04-26,22337.0,Reel
2007-04-27,18141.0,Reel
2007-04-28,18815.0,Reel
2007-04-29,21238.0,Reel
2007-04-30,17802.0,Reel
2007-05-01,17107.0,Reel
2007-05-02,24844.0,Reel
2007-05-03,14729.0,Reel
2007-05-04,18783.0,Reel
2007-05-05,20471.0,Reel
2007-05-06,19751.0,Reel
2007-05-07,13882.0,Reel
2007-05-08,20202.0,Reel
2007-05-09,22300.0,Reel
2007-05-10,14660.0,Reel
2007-05-11,20597.0,Reel
2007-05-12,17190.0,Reel
2007-05-13,21428.0,Reel
2007-05-14,18605.0,Reel
2007-05-15,17572.0,Reel
2007-05-16,21981.0,Reel
2007-05-17,21395.0,Reel
2007-05-18,18524.0,Reel
2007-05-19,23054.0,Reel
2007-05-20,21099.0,Reel
2007-05-21,22568.0,Reel
2007-05-22,14332.0,Reel
2007-05-23,10334.0,Reel
2007-05-24,19392.0,Reel
2007-05-25,15686.0,Reel
2007-05-26,16402.0,Reel
2007-05-27,12645.0,Reel
2007-05-28,25544.0,Reel
2007-05-29,24921.0,Reel
2007-05-30,16642.0,Reel
2007-05-31,13818.0,Reel
2007-06-01,16980.0,Reel
2007-06-02,21605.0,Reel
2007-06-03,16755.0,Reel
2007-06-04,17376.0,Reel
2007-06-05,18319.0,Reel
2007-06-06,25712.0,Reel
2007-06-07,17628.0,Reel
2007-06-08,20058.0,Reel
2007-06-09,20801.0,Reel
2007-06-10,13477.0,Reel
2007-06-11,10330.0,Reel
2007-06-12,17068.0,Reel
2007-06-13,22814.0,Reel
2007-06-14,23616.0,Reel
2007-06-15,26854.0,Reel
2007-06-16,15749.0,Reel
2007-06-17,10987.0,Reel
2007-06-18,19523.0,Reel
2007-06-19,15837.0,Reel
2007-06-20,19731.0,Reel
2007-06-21,12570.0,Reel
2007-06-22,22697.0,Reel
2007-06-23,17752.0,Reel
2007-06-24,23599.0,Reel
2007-06-25,19764.0,Reel
2007-06-26,16346.0,Reel
2007-06-27,22789.0,Reel
2007-06-28,15661.0,Reel
2007-06-29,23565.0,Reel
2007-06-30,6147.0,Reel
2007-07-01,14603.0,Reel
2007-07-02,11273.0,Reel
2007-07-03,16612.0,Reel
2007-07-04,18975.0,Reel
2007-07-05,20125.0,Reel
2007-07-06,16691.0,Reel
2007-07-07,9915.0,Reel
2007-07-08,18535.0,Reel
2007-07-09,13946.0,Reel
2007-07-10,17306.0,Reel
2007-07-11,14238.0,Reel
2007-07-12,19854.0,Reel
2007-07-13,11246.0,Reel
2007-07-14,15503.0,Reel
2007-07-15,26288.0,Reel
2007-07-16,25683.0,Reel
2007-07-17,23453.0,Reel
2007-07-18,12437.0,Reel
2007-07-19,17635.0,Reel
2007-07-20,20438.0,Reel
2007-07-21,15623.0,Reel
2007-07-22,15041.0,Reel
2007-07-23,24105.0,Reel
2007-07-24,20167.0,Reel
2007-07-25,12560.0,Reel
2007-07-26,22027.0,Reel
2007-07-27,18340.0,Reel
2007-07-28,13736.0,Reel
2007-07-29,17764.0,Reel
2007-07-30,16591.0,Reel
2007-07-31,10869.0,Reel
2007-08-01,19151.0,Reel
2007-08-02,16966.0,Reel
2007-08-03,21964.0,Reel
2007-08-04,18787.0,Reel
2007-08-05,19588.0,Reel
2007-08-06,18225.0,Reel
2007-08-07,27713.0,Reel
2007-08-08,18734.0,Reel
2007-08-09,17617.0,Reel
2007-08-10,30428.0,Reel
2007-08-11,22080.0,Reel
2007-08-12,21285.0,Reel
2007-08-13,17795.0,Reel
2007-08-14,17140.0,Reel
2007-08-15,11759.0,Reel
2007-08-16,23686.0,Reel
2007-08-17,21053.0,Reel
2007-08-18,17641.0,Reel
2007-08-19,21054.0,Reel
2007-08-20,16557.0,Reel
2007-08-21,17370.0,Reel
2007-08-22,17180.0,Reel
2007-08-23,18591.0,Reel
2007-08-24,13327.0,Reel
2007-08-25,9559.0,Reel
2007-08-26,21564.0,Reel
2007-08-27,16656.0,Reel
2007-08-28,27857.0,Reel
2007-08-29,21303.0,Reel
2007-08-30,15403.0,Reel
2007-08-31,15307.0,Reel
2007-09-01,12539.0,Reel
2007-09-02,18423.0,Reel
2007-09-03,15867.0,Reel
2007-09-04,13843.0,Reel
2007-09-05,20661.0,Reel
2007-09-06,22359.0,Reel
2007-09-07,20761.0,Reel
2007-09-08,18124.0,Reel
2007-09-09,21364.0,Reel
2007-09-10,10526.0,Reel
2007-09-11,21987.0,Reel
2007-09-12,20075.0,Reel
2007-09-13,14530.0,Reel
2007-09-14,16619.0,Reel
2007-09-15,24922.0,Reel
2007-09-16,15452.0,Reel
2007-09-17,18801.0,Reel
2007-09-18,24156.0,Reel
2007-09-19,18160.0,Reel
2007-09-20,16013.0,Reel
2007-09-21,17655.0,Reel
2007-09-22,18069.0,Reel
2007-09-23,24632.0,Reel
2007-09-24,19543.0,Reel
2007-09-25,17443.0,Reel
2007-09-26,18303.0,Reel
2007-09-27,20892.0,Reel
2007-09-28,22439.0,Reel
2007-09-29,18891.0,Reel
2007-09-30,18605.0,Reel
2007-10-01,16182.0,Reel
2007-10-02,20622.0,Reel
2007-10-03,20161.0,Reel
2007-10-04,14151.0,Reel
2007-10-05,25925.0,Reel
2007-10-06,16275.0,Reel
2007-10-07,21822.0,Reel
2007-10-08,19151.0,Reel
2007-10-09,24979.0,Reel
2007-10-10,15844.0,Reel
2007-10-11,18861.0,Reel
2007-10-12,20039.0,Reel
2007-10-13,17586.0,Reel
2007-10-14,8760.0,Reel
2007-10-15,23047.0,Reel
2007-10-16,21601.0,Reel
2007-10-17,22461.0,Reel
2007-10-18,16681.0,Reel
2007-10-19,19391.0,Reel
2007-10-20,20176.0,Reel
2007-10-21,23600.0,Reel
2007-10-22,12272.0,Reel
2007-10-23,14186.0,Reel
2007-10-24,16413.0,Reel
2007-10-25,19004.0,Reel
2007-10-26,16106.0,Reel
2007-10-27,23402.0,Reel
2007-10-28,18285.0,Reel
2007-10-29,15471.0,Reel
2007-10-30,14100.0,Reel
2007-10-31,9337.0,Reel
2007-11-01,26536.0,Reel
2007-11-02,19758.0,Reel
2007-11-03,20364.0,Reel
2007-11-04,14828.0,Reel
2007-11-05,13909.0,Reel
2007-11-06,26191.0,Reel
2007-11-07,16907.0,Reel
2007-11-08,23177.0,Reel
2007-11-09,11826.0,Reel
2007-11-10,20427.0,Reel
2007-11-11,16816.0,Reel
2007-11-12,24042.0,Reel
2007-11-13,20557.0,Reel
2007-11-14,17437.0,Reel
2007-11-15,17883.0,Reel
2007-11-16,14047.0,Reel
2007-11-17,22061.0,Reel
2007-11-18,19553.0,Reel
2007-11-19,12236.0,Reel
2007-11-20,15249.0,Reel
2007-11-21,15859.0,Reel
2007-11-22,19631.0,Reel
2007-11-23,16572.0,Reel
2007-11-24,18295.0,Reel
2007-11-25,13762.0,Reel
2007-11-26,13867.0,Reel
2007-11-27,19882.0,Reel
2007-11-28,17730.0,Reel
2007-11-29,19008.0,Reel
2007-11-30,21079.0,Reel
2007-12-01,18604.0,Reel
2007-12-02,21150.0,Reel
2007-12-03,24872.0,Reel
2007-12-04,21745.0,Reel
2007-12-05,11820.0,Reel
2007-12-06,20162.0,Reel
2007-12-07,21245.0,Reel
2007-12-08,17022.0,Reel
2007-12-09,15354.0,Reel
2007-12-10,12116.0,Reel
2007-12-11,21443.0,Reel
2007-12-12,24514.0,Reel
2007-12-13,19044.0,Reel
2007-12-14,17719.0,Reel
2007-12-15,24758.0,Reel
2007-12-16,22453.0,Reel
2007-12-17,12048.0,Reel
2007-12-18,17161.0,Reel
2007-12-19,19020.0,Reel
2007-12-20,21849.0,Reel
2007-12-21,21050.0,Reel
2007-12-22,20623.0,Reel
2007-12-23,21181.0,Reel
2007-12-24,19094.0,Reel
2007-12-25,16976.0,Reel
2007-12-26,20505.0,Reel
2007-12-27,14601.0,Reel
2007-12-28,13414.0,Reel
2007-12-29,28145.0,Reel
2007-12-30,24344.0,Reel
2007-12-31,23248.0,Reel
2008-01-01,17787.0,Reel
2008-01-02,14312.0,Reel
2008-01-03,24675.0,Reel
2008-01-04,22329.0,Reel
2008-01-05,20140.0,Reel
2008-01-06,18869.0,Reel
2008-01-07,25524.0,Reel
2008-01-08,16525.0,Reel
2008-01-09,17894.0,Reel
2008-01-10,21530.0,Reel
2008-01-11,14411.0,Reel
2008-01-12,13786.0,Reel
2008-01-13,18775.0,Reel
2008-01-14,18944.0,Reel
2008-01-15,24539.0,Reel
2008-01-16,19170.0,Reel
2008-01-17,24715.0,Reel
2008-01-18,17988.0,Reel
2008-01-19,10717.0,Reel
2008-01-20,13339.0,Reel
2008-01-21,19824.0,Reel
2008-01-22,15923.0,Reel
2008-01-23,21485.0,Reel
2008-01-24,18986.0,Reel
2008-01-25,19299.0,Reel
2008-01-26,11836.0,Reel
2008-01-27,13063.0,Reel
2008-01-28,23271.0,Reel
2008-01-29,19931.0,Reel
2008-01-30,23448.0,Reel
2008-01-31,16061.0,Reel
2008-02-01,14836.0,Reel
2008-02-02,25201.0,Reel
2008-02-03,20294.0,Reel
2008-02-04,16430.0,Reel
2008-02-05,20868.0,Reel
2008-02-06,18523.0,Reel
2008-02-07,18671.0,Reel
2008-02-08,18985.0,Reel
2008-02-09,15841.0,Reel
2008-02-10,18068.0,Reel
2008-02-11,12878.0,Reel
2008-02-12,13966.0,Reel
2008-02-13,26429.0,Reel
2008-02-14,19954.0,Reel
2008-02-15,16687.0,Reel
2008-02-16,12915.0,Reel
2008-02-17,29801.0,Reel
2008-02-18,25938.0,Reel
2008-02-19,12045.0,Reel
2008-02-20,14819.0,Reel
2008-02-21,22992.0,Reel
2008-02-22,19213.0,Reel
2008-02-23,18466.0,Reel
2008-02-24,14904.0,Reel
2008-02-25,16162.0,Reel
2008-02-26,24191.0,Reel
2008-02-27,21510.0,Reel
2008-02-28,18195.0,Reel
2008-02-29,17779.0,Reel
2008-03-01,20871.0,Reel
2008-03-02,24365.0,Reel
2008-03-03,23676.0,Reel
2008-03-04,20217.0,Reel
2008-03-05,27119.0,Reel
2008-03-06,24893.0,Reel
2008-03-07,14229.0,Reel
2008-03-08,18831.0,Reel
2008-03-09,19526.0,Reel
2008-03-10,15551.0,Reel
2008-03-11,20283.0,Reel
2008-03-12,21624.0,Reel
2008-03-13,17175.0,Reel
2008-03-14,15428.0,Reel
2008-03-15,25289.0,Reel
2008-03-16,19016.0,Reel
2008-03-17,21327.0,Reel
2008-03-18,19606.0,Reel
2008-03-19,22468.0,Reel
2008-03-20,22320.0,Reel
2008-03-21,18547.0,Reel
2008-03-22,18784.0,Reel
2008-03-23,13606.0,Reel
2008-03-24,11916.0,Reel
2008-03-25,16620.0,Reel
2008-03-26,10660.0,Reel
2008-03-27,21973.0,Reel
2008-03-28,13823.0,Reel
2008-03-29,17439.0,Reel
2008-03-30,19724.0,Reel
2008-03-31,13744.0,Reel
2008-04-01,19824.0,Reel
2008-04-02,15570.0,Reel
2008-04-03,22699.0,Reel
2008-04-04,27259.0,Reel
2008-04-05,22469.0,Reel
2008-04-06,20131.0,Reel
2008-04-07,25727.0,Reel
2008-04-08,19228.0,Reel
2008-04-09,14508.0,Reel
2008-04-10,18815.0,Reel
2008-04-11,22422.0,Reel
2008-04-12,16938.0,Reel
2008-04-13,17254.0,Reel
2008-04-14,22656.0,Reel
2008-04-15,21737.0,Reel
2008-04-16,13983.0,Reel
2008-04-17,21625.0,Reel
2008-04-18,18104.0,Reel
2008-04-19,18974.0,Reel
2008-04-20,21832.0,Reel
2008-04-21,12054.0,Reel
2008-04-22,15632.0,Reel
2008-04-23,24087.0,Reel
2008-04-24,22600.0,Reel
2008-04-25,18284.0,Reel
2008-04-26,33028.0,Reel
2008-04-27,22514.0,Reel
2008-04-28,19800.0,Reel
2008-04-29,17512.0,Reel
2008-04-30,24330.0,Reel
2008-05-01,20653.0,Reel
2008-05-02,24077.0,Reel
2008-05-03,17377.0,Reel
2008-05-04,18274.0,Reel
2008-05-05,12688.0,Reel
2008-05-06,21885.0,Reel
2008-05-07,18953.0,Reel
2008-05-08,9907.0,Reel
2008-05-09,18803.0,Reel
2008-05-10,20368.0,Reel
2008-05-11,15212.0,Reel
2008-05-12,15773.0,Reel
2008-05-13,22367.0,Reel
2008-05-14,24163.0,Reel
2008-05-15,10340.0,Reel
2008-05-16,22892.0,Reel
2008-05-17,17456.0,Reel
2008-05-18,17826.0,Reel
2008-05-19,18925.0,Reel
2008-05-20,14579.0,Reel
2008-05-21,12100.0,Reel
2008-05-22,12264.0,Reel
2008-05-23,23321.0,Reel
2008-05-24,9783.0,Reel
2008-05-25,20884.0,Reel
2008-05-26,21544.0,Reel
2008-05-27,20563.0,Reel
2008-05-28,12492.0,Reel
2008-05-29,17497.0,Reel
2008-05-30,16476.0,Reel
2008-05-31,15060.0,Reel
2008-06-01,18238.0,Reel
2008-06-02,15413.0,Reel
2008-06-03,11723.0,Reel
2008-06-04,19359.0,Reel
2008-06-05,17882.0,Reel
2008-06-06,13412.0,Reel
2008-06-07,24113.0,Reel
2008-06-08,17198.0,Reel
2008-06-09,24432.0,Reel
2008-06-10,20517.0,Reel
2008-06-11,19164.0,Reel
2008-06-12,13249.0,Reel
2008-06-13,13954.0,Reel
2008-06-14,18687.0,Reel
2008-06-15,15389.0,Reel
2008-06-16,19076.0,Reel
2008-06-17,14422.0,Reel
2008-06-18,19189.0,Reel
2008-06-19,9782.0,Reel
2008-06-20,19361.0,Reel
2008-06-21,26658.0,Reel
2008-06-22,25220.0,Reel
2008-06-23,26413.0,Reel
2008-06-24,23376.0,Reel
2008-06-25,22090.0,Reel
2008-06-26,19127.0,Reel
2008-06-27,17722.0,Reel
2008-06-28,13559.0,Reel
2008-06-29,20901.0,Reel
2008-06-30,21255.0,Reel
2008-07-01,19428.0,Reel
2008-07-02,11202.0,Reel
2008-07-03,23562.0,Reel
2008-07-04,20977.0,Reel
2008-07-05,21133.0,Reel
2008-07-06,11374.0,Reel
2008-07-07,18589.0,Reel
2008-07-08,16843.0,Reel
2008-07-09,24037.0,Reel
2008-07-10,20451.0,Reel
2008-07-11,20573.0,Reel
2008-07-12,16186.0,Reel
2008-07-13,11004.0,Reel
2008-07-14,24653.0,Reel
2008-07-15,13310.0,Reel
2008-07-16,13515.0,Reel
2008-07-17,20398.0,Reel
2008-07-18,13503.0,Reel
2008-07-19,14685.0,Reel
2008-07-20,16206.0,Reel
2008-07-21,22088.0,Reel
2008-07-22,18986.0,Reel
2008-07-23,18656.0,Reel
2008-07-24,12005.0,Reel
2008-07-25,14677.0,Reel
2008-07-26,18059.0,Reel
2008-07-27,17765.0,Reel
2008-07-28,17994.0,Reel
2008-07-29,17055.0,Reel
2008-07-30,11115.0,Reel
2008-07-31,17376.0,Reel
2008-08-01,20185.0,Reel
2008-08-02,19299.0,Reel
2008-08-03,14977.0,Reel
2008-08-04,18319.0,Reel
2008-08-05,14878.0,Reel
2008-08-06,18010.0,Reel
2008-08-07,11534.0,Reel
2008-08-08,22012.0,Reel
2008-08-09,11826.0,Reel
2008-08-10,22184.0,Reel
2008-08-11,17311.0,Reel
2008-08-12,19134.0,Reel
2008-08-13,10546.0,Reel
2008-08-14,12708.0,Reel
2008-08-15,22164.0,Reel
2008-08-16,21806.0,Reel
2008-08-17,11445.0,Reel
2008-08-18,25426.0,Reel
2008-08-19,11416.0,Reel
2008-08-20,17125.0,Reel
2008-08-21,20529.0,Reel
2008-08-22,12410.0,Reel
2008-08-23,17106.0,Reel
2008-08-24,26017.0,Reel
2008-08-25,12790.0,Reel
2008-08-26,17945.0,Reel
2008-08-27,20445.0,Reel
2008-08-28,17891.0,Reel
2008-08-29,20407.0,Reel
2008-08-30,13144.0,Reel
2008-08-31,17312.0,Reel
2008-09-01,15716.0,Reel
2008-09-02,20864.0,Reel
2008-09-03,16670.0,Reel
2008-09-04,16763.0,Reel
2008-09-05,10761.0,Reel
2008-09-06,11694.0,Reel
2008-09-07,12466.0,Reel
2008-09-08,19985.0,Reel
2008-09-09,12571.0,Reel
2008-09-10,13057.0,Reel
2008-09-11,16955.0,Reel
2008-09-12,23994.0,Reel
2008-09-13,21420.0,Reel
2008-09-14,24765.0,Reel
2008-09-15,21754.0,Reel
2008-09-16,18162.0,Reel
2008-09-17,20490.0,Reel
2008-09-18,16589.0,Reel
2008-09-19,26118.0,Reel
2008-09-20,18864.0,Reel
2008-09-21,18759.0,Reel
2008-09-22,17127.0,Reel
2008-09-23,27926.0,Reel
2008-09-24,16728.0,Reel
2008-09-25,17442.0,Reel
2008-09-26,17328.0,Reel
2008-09-27,22451.0,Reel
2008-09-28,14941.0,Reel
2008-09-29,15392.0,Reel
2008-09-30,17593.0,Reel
2008-10-01,14814.0,Reel
2008-10-02,22194.0,Reel
2008-10-03,21029.0,Reel
2008-10-04,17357.0,Reel
2008-10-05,15183.0,Reel
2008-10-06,25540.0,Reel
2008-10-07,21497.0,Reel
2008-10-08,24862.0,Reel
2008-10-09,12169.0,Reel
2008-10-10,16813.0,Reel
2008-10-11,24283.0,Reel
2008-10-12,17201.0,Reel
2008-10-13,14323.0,Reel
2008-10-14,16259.0,Reel
2008-10-15,15657.0,Reel
2008-10-16,27123.0,Reel
2008-10-17,15511.0,Reel
2008-10-18,23639.0,Reel
2008-10-19,16003.0,Reel
2008-10-20,22721.0,Reel
2008-10-21,19060.0,Reel
2008-10-22,13096.0,Reel
2008-10-23,24692.0,Reel
2008-10-24,13521.0,Reel
2008-10-25,17581.0,Reel
2008-10-26,11418.0,Reel
2008-10-27,20172.0,Reel
2008-10-28,18644.0,Reel
2008-10-29,20556.0,Reel
2008-10-30,19045.0,Reel
2008-10-31,17693.0,Reel
2008-11-01,23751.0,Reel
2008-11-02,11545.0,Reel
2008-11-03,13874.0,Reel
2008-11-04,15996.0,Reel
2008-11-05,17264.0,Reel
2008-11-06,17092.0,Reel
2008-11-07,17950.0,Reel
2008-11-08,18070.0,Reel
2008-11-09,22498.0,Reel
2008-11-10,11855.0,Reel
2008-11-11,15895.0,Reel
2008-11-12,15113.0,Reel
2008-11-13,23519.0,Reel
2008-11-14,22372.0,Reel
2008-11-15,13375.0,Reel
2008-11-16,14936.0,Reel
2008-11-17,18955.0,Reel
2008-11-18,20898.0,Reel
2008-11-19,11596.0,Reel
2008-11-20,14359.0,Reel
2008-11-21,20557.0,Reel
2008-11-22,22055.0,Reel
2008-11-23,14561.0,Reel
2008-11-24,17487.0,Reel
2008-11-25,18063.0,Reel
2008-11-26,22024.0,Reel
2008-11-27,24455.0,Reel
2008-11-28,26380.0,Reel
2008-11-29,13706.0,Reel
2008-11-30,18504.0,Reel
2008-12-01,18786.0,Reel
2008-12-02,16432.0,Reel
2008-12-03,23993.0,Reel
2008-12-04,21450.0,Reel
2008-12-05,14818.0,Reel
2008-12-06,22181.0,Reel
2008-12-07,19048.0,Reel
2008-12-08,19169.0,Reel
2008-12-09,21555.0,Reel
2008-12-10,12350.0,Reel
2008-12-11,14870.0,Reel
2008-12-12,17565.0,Reel
2008-12-13,22022.0,Reel
2008-12-14,18466.0,Reel
2008-12-15,20964.0,Reel
2008-12-16,20037.0,Reel
2008-12-17,23540.0,Reel
2008-12-18,11561.0,Reel
2008-12-19,23633.0,Reel
2008-12-20,17016.0,Reel
2008-12-21,13627.0,Reel
2008-12-22,17645.0,Reel
2008-12-23,19330.0,Reel
2008-12-24,18089.0,Reel
2008-12-25,21857.0,Reel
2008-12-26,14560.0,Reel
2008-12-27,17537.0,Reel
2008-12-28,24405.0,Reel
2008-12-29,16878.0,Reel
2008-12-30,15550.0,Reel
2008-12-31,21710.0,Reel
2009-01-01,21689.0,Reel
2009-01-02,22563.0,Reel
2009-01-03,19024.0,Reel
2009-01-04,22549.0,Reel
2009-01-05,22176.0,Reel
2009-01-06,15582.0,Reel
2009-01-07,19682.0,Reel
2009-01-08,18771.0,Reel
2009-01-09,24550.0,Reel
2009-01-10,21022.0,Reel
2009-01-11,25655.0,Reel
2009-01-12,25010.0,Reel
2009-01-13,21775.0,Reel
2009-01-14,27341.0,Reel
2009-01-15,16195.0,Reel
2009-01-16,20242.0,Reel
2009-01-17,19871.0,Reel
2009-01-18,12566.0,Reel
2009-01-19,27504.0,Reel
2009-01-20,22548.0,Reel
2009-01-21,13504.0,Reel
2009-01-22,14881.0,Reel
2009-01-23,19837.0,Reel
2009-01-24,14737.0,Reel
2009-01-25,23120.0,Reel
2009-01-26,19259.0,Reel
2009-01-27,18091.0,Reel
2009-01-28,16261.0,Reel
2009-01-29,20699.0,Reel
2009-01-30,12917.0,Reel
2009-01-31,18073.0,Reel
2009-02-01,26127.0,Reel
2009-02-02,17187.0,Reel
2009-02-03,24164.0,Reel
2009-02-04,14757.0,Reel
2009-02-05,9694.0,Reel
2009-02-06,24586.0,Reel
2009-02-07,18670.0,Reel
2009-02-08,14216.0,Reel
2009-02-09,18610.0,Reel
2009-02-10,21081.0,Reel
2009-02-11,12815.0,Reel
2009-02-12,20639.0,Reel
2009-02-13,10834.0,Reel
2009-02-14,22345.0,Reel
2009-02-15,20977.0,Reel
2009-02-16,16346.0,Reel
2009-02-17,19037.0,Reel
2009-02-18,15095.0,Reel
2009-02-19,13551.0,Reel
2009-02-20,20559.0,Reel
2009-02-21,14676.0,Reel
2009-02-22,31699.0,Reel
2009-02-23,24021.0,Reel
2009-02-24,20427.0,Reel
2009-02-25,19753.0,Reel
2009-02-26,22914.0,Reel
2009-02-27,22018.0,Reel
2009-02-28,24380.0,Reel
2009-03-01,26296.0,Reel
2009-03-02,10771.0,Reel
2009-03-03,21899.0,Reel
2009-03-04,14728.0,Reel
2009-03-05,18994.0,Reel
2009-03-06,12527.0,Reel
2009-03-07,29242.0,Reel
2009-03-08,19231.0,Reel
2009-03-09,20323.0,Reel
2009-03-10,23472.0,Reel
2009-03-11,20164.0,Reel
2009-03-12,23480.0,Reel
2009-03-13,15376.0,Reel
2009-03-14,13191.0,Reel
2009-03-15,15435.0,Reel
2009-03-16,27772.0,Reel
2009-03-17,17246.0,Reel
2009-03-18,16239.0,Reel
2009-03-19,21176.0,Reel
2009-03-20,19183.0,Reel
2009-03-21,25938.0,Reel
2009-03-22,20287.0,Reel
2009-03-23,16356.0,Reel
2009-03-24,21861.0,Reel
2009-03-25,20308.0,Reel
2009-03-26,17658.0,Reel
2009-03-27,17562.0,Reel
2009-03-28,17317.0,Reel
2009-03-29,21527.0,Reel
2009-03-30,8934.0,Reel
2009-03-31,18740.0,Reel
2009-04-01,21060.0,Reel
2009-04-02,16622.0,Reel
2009-04-03,23449.0,Reel
2009-04-04,16463.0,Reel
2009-04-05,28800.0,Reel
2009-04-06,21532.0,Reel
2009-04-07,17033.0,Reel
2009-04-08,10070.0,Reel
2009-04-09,14577.0,Reel
2009-04-10,21055.0,Reel
2009-04-11,16849.0,Reel
2009-04-12,16941.0,Reel
2009-04-13,10839.0,Reel
2009-04-14,22508.0,Reel
2009-04-15,23491.0,Reel
2009-04-16,13756.0,Reel
2009-04-17,20536.0,Reel
2009-04-18,14026.0,Reel
2009-04-19,29930.0,Reel
2009-04-20,13233.0,Reel
2009-04-21,12698.0,Reel
2009-04-22,17478.0,Reel
2009-04-23,19270.0,Reel
2009-04-24,25415.0,Reel
2009-04-25,27351.0,Reel
2009-04-26,17976.0,Reel
2009-04-27,17403.0,Reel
2009-04-28,18144.0,Reel
2009-04-29,18161.0,Reel
2009-04-30,15510.0,Reel
2009-05-01,18142.0,Reel
2009-05-02,24426.0,Reel
2009-05-03,23872.0,Reel
2009-05-04,27767.0,Reel
2009-05-05,16889.0,Reel
2009-05-06,26243.0,Reel
2009-05-07,20558.0,Reel
2009-05-08,19063.0,Reel
2009-05-09,21254.0,Reel
2009-05-10,15672.0,Reel
2009-05-11,21001.0,Reel
2009-05-12,12796.0,Reel
2009-05-13,21640.0,Reel
2009-05-14,20263.0,Reel
2009-05-15,16077.0,Reel
2009-05-16,22945.0,Reel
2009-05-17,16856.0,Reel
2009-05-18,16466.0,Reel
2009-05-19,20907.0,Reel
2009-05-20,14108.0,Reel
2009-05-21,13846.0,Reel
2009-05-22,17696.0,Reel
2009-05-23,15107.0,Reel
2009-05-24,22320.0,Reel
2009-05-25,18627.0,Reel
2009-05-26,29324.0,Reel
2009-05-27,22808.0,Reel
2009-05-28,23179.0,Reel
2009-05-29,20843.0,Reel
2009-05-30,15293.0,Reel
2009-05-31,24690.0,Reel
2009-06-01,20826.0,Reel
2009-06-02,24043.0,Reel
2009-06-03,26264.0,Reel
2009-06-04,15664.0,Reel
2009-06-05,22286.0,Reel
2009-06-06,21154.0,Reel
2009-06-07,11830.0,Reel
2009-06-08,20799.0,Reel
2009-06-09,12259.0,Reel
2009-06-10,20968.0,Reel
2009-06-11,17103.0,Reel
2009-06-12,10051.0,Reel
2009-06-13,15012.0,Reel
2009-06-14,17166.0,Reel
2009-06-15,21219.0,Reel
2009-06-16,21561.0,Reel
2009-06-17,25444.0,Reel
2009-06-18,16478.0,Reel
2009-06-19,14382.0,Reel
2009-06-20,20084.0,Reel
2009-06-21,18787.0,Reel
2009-06-22,19735.0,Reel
2009-06-23,16187.0,Reel
2009-06-24,14230.0,Reel
2009-06-25,24315.0,Reel
2009-06-26,13514.0,Reel
2009-06-27,12731.0,Reel
2009-06-28,23509.0,Reel
2009-06-29,27761.0,Reel
2009-06-30,14231.0,Reel
2009-07-01,8296.0,Reel
2009-07-02,20788.0,Reel
2009-07-03,15130.0,Reel
2009-07-04,22263.0,Reel
2009-07-05,19854.0,Reel
2009-07-06,17200.0,Reel
2009-07-07,12239.0,Reel
2009-07-08,22459.0,Reel
2009-07-09,10416.0,Reel
2009-07-10,21610.0,Reel
2009-07-11,20738.0,Reel
2009-07-12,20610.0,Reel
2009-07-13,17143.0,Reel
2009-07-14,24579.0,Reel
2009-07-15,13039.0,Reel
2009-07-16,16431.0,Reel
2009-07-17,17562.0,Reel
2009-07-18,19231.0,Reel
2009-07-19,24867.0,Reel
2009-07-20,17887.0,Reel
2009-07-21,21530.0,Reel
2009-07-22,15142.0,Reel
2009-07-23,14942.0,Reel
2009-07-24,22912.0,Reel
2009-07-25,18916.0,Reel
2009-07-26,17004.0,Reel
2009-07-27,29568.0,Reel
2009-07-28,10533.0,Reel
2009-07-29,18055.0,Reel
2009-07-30,17402.0,Reel
2009-07-31,15642.0,Reel
2009-08-01,22054.0,Reel
2009-08-02,16426.0,Reel
2009-08-03,13610.0,Reel
2009-08-04,21964.0,Reel
2009-08-05,17776.0,Reel
2009-08-06,24688.0,Reel
2009-08-07,18923.0,Reel
2009-08-08,10758.0,Reel
2009-08-09,25542.0,Reel
2009-08-10,15001.0,Reel
2009-08-11,17504.0,Reel
2009-08-12,13860.0,Reel
2009-08-13,17112.0,Reel
2009-08-14,22541.0,Reel
2009-08-15,18735.0,Reel
2009-08-16,21911.0,Reel
2009-08-17,9917.0,Reel
2009-08-18,21329.0,Reel
2009-08-19,22686.0,Reel
2009-08-20,19915.0,Reel
2009-08-21,24943.0,Reel
2009-08-22,24060.0,Reel
2009-08-23,11209.0,Reel
2009-08-24,15453.0,Reel
2009-08-25,24489.0,Reel
2009-08-26,15410.0,Reel
2009-08-27,17965.0,Reel
2009-08-28,16514.0,Reel
2009-08-29,15341.0,Reel
2009-08-30,20432.0,Reel
2009-08-31,28003.0,Reel
2009-09-01,20338.0,Reel
2009-09-02,17897.0,Reel
2009-09-03,26445.0,Reel
2009-09-04,16764.0,Reel
2009-09-05,11602.0,Reel
2009-09-06,15588.0,Reel
2009-09-07,14580.0,Reel
2009-09-08,21944.0,Reel
2009-09-09,20356.0,Reel
2009-09-10,19033.0,Reel
2009-09-11,19639.0,Reel
2009-09-12,22536.0,Reel
2009-09-13,25175.0,Reel
2009-09-14,16398.0,Reel
2009-09-15,22468.0,Reel
2009-09-16,29986.0,Reel
2009-09-17,17322.0,Reel
2009-09-18,26005.0,Reel
2009-09-19,16767.0,Reel
2009-09-20,21105.0,Reel
2009-09-21,17167.0,Reel
2009-09-22,18048.0,Reel
2009-09-23,23380.0,Reel
2009-09-24,21795.0,Reel
2009-09-25,18792.0,Reel
2009-09-26,14533.0,Reel
2009-09-27,24121.0,Reel
2009-09-28,17885.0,Reel
2009-09-29,13837.0,Reel
2009-09-30,16681.0,Reel
2009-10-01,25479.0,Reel
2009-10-02,14506.0,Reel
2009-10-03,16779.0,Reel
2009-10-04,17614.0,Reel
2009-10-05,23742.0,Reel
2009-10-06,22035.0,Reel
2009-10-07,15552.0,Reel
2009-10-08,22372.0,Reel
2009-10-09,16801.0,Reel
2009-10-10,16876.0,Reel
2009-10-11,14227.0,Reel
2009-10-12,16355.0,Reel
2009-10-13,16729.0,Reel
2009-10-14,14351.0,Reel
2009-10-15,18164.0,Reel
2009-10-16,17798.0,Reel
2009-10-17,23515.0,Reel
2009-10-18,15576.0,Reel
2009-10-19,22738.0,Reel
2009-10-20,17593.0,Reel
2009-10-21,24287.0,Reel
2009-10-22,23651.0,Reel
2009-10-23,9046.0,Reel
2009-10-24,20158.0,Reel
2009-10-25,13619.0,Reel
2009-10-26,14859.0,Reel
2009-10-27,17066.0,Reel
2009-10-28,16375.0,Reel
2009-10-29,17982.0,Reel
2009-10-30,14224.0,Reel
2009-10-31,18655.0,Reel
2009-11-01,20643.0,Reel
2009-11-02,19180.0,Reel
2009-11-03,15145.0,Reel
2009-11-04,23552.0,Reel
2009-11-05,9919.0,Reel
2009-11-06,22008.0,Reel
2009-11-07,21641.0,Reel
2009-11-08,18722.0,Reel
2009-11-09,12967.0,Reel
2009-11-10,16289.0,Reel
2009-11-11,22200.0,Reel
2009-11-12,18010.0,Reel
2009-11-13,14883.0,Reel
2009-11-14,17288.0,Reel
2009-11-15,12584.0,Reel
2009-11-16,21769.0,Reel
2009-11-17,20947.0,Reel
2009-11-18,15990.0,Reel
2009-11-19,13567.0,Reel
2009-11-20,15860.0,Reel
2009-11-21,15467.0,Reel
2009-11-22,18573.0,Reel
2009-11-23,20837.0,Reel
2009-11-24,16087.0,Reel
2009-11-25,12125.0,Reel
2009-11-26,16936.0,Reel
2009-11-27,23120.0,Reel
2009-11-28,25352.0,Reel
2009-11-29,19136.0,Reel
2009-11-30,25367.0,Reel
2009-12-01,20570.0,Reel
2009-12-02,27849.0,Reel
2009-12-03,26686.0,Reel
2009-12-04,17680.0,Reel
2009-12-05,16254.0,Reel
2009-12-06,13741.0,Reel
2009-12-07,17631.0,Reel
2009-12-08,17249.0,Reel
2009-12-09,14997.0,Reel
2009-12-10,17119.0,Reel
2009-12-11,15336.0,Reel
2009-12-12,24801.0,Reel
2009-12-13,20034.0,Reel
2009-12-14,18338.0,Reel
2009-12-15,21935.0,Reel
2009-12-16,11028.0,Reel
2009-12-17,21209.0,Reel
2009-12-18,16347.0,Reel
2009-12-19,18907.0,Reel
2009-12-20,16049.0,Reel
2009-12-21,17934.0,Reel
2009-12-22,15468.0,Reel
2009-12-23,16931.0,Reel
2009-12-24,12979.0,Reel
2009-12-25,16557.0,Reel
2009-12-26,17860.0,Reel
2009-12-27,21557.0,Reel
2009-12-28,21130.0,Reel
2009-12-29,11701.0,Reel
2009-12-30,20560.0,Reel
2009-12-31,24084.0,Reel
2010-01-01,21720.0,Reel
2010-01-02,13662.0,Reel
2010-01-03,19294.0,Reel
2010-01-04,21589.0,Reel
2010-01-05,21910.0,Reel
2010-01-06,17510.0,Reel
2010-01-07,14768.0,Reel
2010-01-08,29868.0,Reel
2010-01-09,19818.0,Reel
2010-01-10,14463.0,Reel
2010-01-11,16489.0,Reel
2010-01-12,19759.0,Reel
2010-01-13,14119.0,Reel
2010-01-14,17420.0,Reel
2010-01-15,14903.0,Reel
2010-01-16,22921.0,Reel
2010-01-17,12788.0,Reel
2010-01-18,23751.0,Reel
2010-01-19,15850.0,Reel
2010-01-20,14324.0,Reel
2010-01-21,22037.0,Reel
2010-01-22,16713.0,Reel
2010-01-23,30112.0,Reel
2010-01-24,18783.0,Reel
2010-01-25,18134.0,Reel
2010-01-26,30382.0,Reel
2010-01-27,20736.0,Reel
2010-01-28,12826.0,Reel
2010-01-29,12128.0,Reel
2010-01-30,22499.0,Reel
2010-01-31,17614.0,Reel
2010-02-01,15924.0,Reel
2010-02-02,20104.0,Reel
2010-02-03,22228.0,Reel
2010-02-04,17151.0,Reel
2010-02-05,15343.0,Reel
2010-02-06,14640.0,Reel
2010-02-07,18464.0,Reel
2010-02-08,8023.0,Reel
2010-02-09,15322.0,Reel
2010-02-10,22719.0,Reel
2010-02-11,16615.0,Reel
2010-02-12,19815.0,Reel
2010-02-13,14498.0,Reel
2010-02-14,20298.0,Reel
2010-02-15,16979.0,Reel
2010-02-16,14430.0,Reel
2010-02-17,13924.0,Reel
2010-02-18,9283.0,Reel
2010-02-19,24191.0,Reel
2010-02-20,20237.0,Reel
2010-02-21,13391.0,Reel
2010-02-22,19765.0,Reel
2010-02-23,15464.0,Reel
2010-02-24,30451.0,Reel
2010-02-25,12858.0,Reel
2010-02-26,19801.0,Reel
2010-02-27,19008.0,Reel
2010-02-28,11314.0,Reel
2010-03-01,20472.0,Reel
2010-03-02,21108.0,Reel
2010-03-03,18995.0,Reel
2010-03-04,15692.0,Reel
2010-03-05,17296.0,Reel
2010-03-06,22503.0,Reel
2010-03-07,17848.0,Reel
2010-03-08,16277.0,Reel
2010-03-09,28397.0,Reel
2010-03-10,9286.0,Reel
2010-03-11,22138.0,Reel
2010-03-12,20260.0,Reel
2010-03-13,14713.0,Reel
2010-03-14,19634.0,Reel
2010-03-15,15081.0,Reel
2010-03-16,21481.0,Reel
2010-03-17,22046.0,Reel
2010-03-18,14880.0,Reel
2010-03-19,16821.0,Reel
2010-03-20,24093.0,Reel
2010-03-21,18855.0,Reel
2010-03-22,22368.0,Reel
2010-03-23,19041.0,Reel
2010-03-24,21679.0,Reel
2010-03-25,18087.0,Reel
2010-03-26,14679.0,Reel
2010-03-27,13715.0,Reel
2010-03-28,18071.0,Reel
2010-03-29,23566.0,Reel
2010-03-30,16035.0,Reel
2010-03-31,20786.0,Reel
2010-04-01,14216.0,Reel
2010-04-02,17116.0,Reel
2010-04-03,16368.0,Reel
2010-04-04,11845.0,Reel
2010-04-05,10666.0,Reel
2010-04-06,15664.0,Reel
2010-04-07,11122.0,Reel
2010-04-08,21401.0,Reel
2010-04-09,14738.0,Reel
2010-04-10,24287.0,Reel
2010-04-11,21109.0,Reel
2010-04-12,24698.0,Reel
2010-04-13,13227.0,Reel
2010-04-14,24655.0,Reel
2010-04-15,14782.0,Reel
2010-04-16,24725.0,Reel
2010-04-17,18378.0,Reel
2010-04-18,23371.0,Reel
2010-04-19,11087.0,Reel
2010-04-20,22540.0,Reel
2010-04-21,21608.0,Reel
2010-04-22,22273.0,Reel
2010-04-23,18431.0,Reel
2010-04-24,20110.0,Reel
2010-04-25,18129.0,Reel
2010-04-26,18458.0,Reel
2010-04-27,18573.0,Reel
2010-04-28,16174.0,Reel
2010-04-29,14990.0,Reel
2010-04-30,19613.0,Reel
2010-05-01,17450.0,Reel
2010-05-02,18985.0,Reel
2010-05-03,24322.0,Reel
2010-05-04,19825.0,Reel
2010-05-05,27412.0,Reel
2010-05-06,26002.0,Reel
2010-05-07,13705.0,Reel
2010-05-08,23167.0,Reel
2010-05-09,23897.0,Reel
2010-05-10,17640.0,Reel
2010-05-11,17622.0,Reel
2010-05-12,12731.0,Reel
2010-05-13,14821.0,Reel
2010-05-14,11108.0,Reel
2010-05-15,16142.0,Reel
2010-05-16,30431.0,Reel
2010-05-17,22057.0,Reel
2010-05-18,21308.0,Reel
2010-05-19,20913.0,Reel
2010-05-20,10608.0,Reel
2010-05-21,18717.0,Reel
2010-05-22,12215.0,Reel
2010-05-23,19122.0,Reel
2010-05-24,21161.0,Reel
2010-05-25,14879.0,Reel
2010-05-26,24946.0,Reel
2010-05-27,11494.0,Reel
2010-05-28,18933.0,Reel
2010-05-29,21500.0,Reel
2010-05-30,25027.0,Reel
2010-05-31,21454.0,Reel
2010-06-01,24630.0,Reel
2010-06-02,17002.0,Reel
2010-06-03,9683.0,Reel
2010-06-04,18310.0,Reel
2010-06-05,15849.0,Reel
2010-06-06,11405.0,Reel
2010-06-07,15460.0,Reel
2010-06-08,16974.0,Reel
2010-06-09,29945.0,Reel
2010-06-10,14159.0,Reel
2010-06-11,20995.0,Reel
2010-06-12,21534.0,Reel
2010-06-13,16075.0,Reel
2010-06-14,23622.0,Reel
2010-06-15,13123.0,Reel
2010-06-16,16947.0,Reel
2010-06-17,12828.0,Reel
2010-06-18,16765.0,Reel
2010-06-19,23453.0,Reel
2010-06-20,17541.0,Reel
2010-06-21,17062.0,Reel
2010-06-22,23549.0,Reel
2010-06-23,19913.0,Reel
2010-06-24,17157.0,Reel
2010-06-25,19723.0,Reel
2010-06-26,22463.0,Reel
2010-06-27,14114.0,Reel
2010-06-28,18398.0,Reel
2010-06-29,17393.0,Reel
2010-06-30,13075.0,Reel
2010-07-01,19867.0,Reel
2010-07-02,21456.0,Reel
2010-07-03,21710.0,Reel
2010-07-04,17412.0,Reel
2010-07-05,16459.0,Reel
2010-07-06,18108.0,Reel
2010-07-07,13146.0,Reel
2010-07-08,20448.0,Reel
2010-07-09,25914.0,Reel
2010-07-10,26388.0,Reel
2010-07-11,19965.0,Reel
2010-07-12,19521.0,Reel
2010-07-13,17648.0,Reel
2010-07-14,26519.0,Reel
2010-07-15,17794.0,Reel
2010-07-16,15493.0,Reel
2010-07-17,12750.0,Reel
2010-07-18,17882.0,Reel
2010-07-19,11716.0,Reel
2010-07-20,18659.0,Reel
2010-07-21,19307.0,Reel
2010-07-22,26503.0,Reel
2010-07-23,16809.0,Reel
2010-07-24,14368.0,Reel
2010-07-25,22257.0,Reel
2010-07-26,16151.0,Reel
2010-07-27,12465.0,Reel
2010-07-28,19117.0,Reel
2010-07-29,14791.0,Reel
2010-07-30,11990.0,Reel
2010-07-31,26664.0,Reel
2010-08-01,23175.0,Reel
2010-08-02,15759.0,Reel
2010-08-03,16920.0,Reel
2010-08-04,12978.0,Reel
2010-08-05,16201.0,Reel
2010-08-06,20119.0,Reel
2010-08-07,18698.0,Reel
2010-08-08,25847.0,Reel
2010-08-09,15144.0,Reel
2010-08-10,23020.0,Reel
2010-08-11,24466.0,Reel
2010-08-12,11466.0,Reel
2010-08-13,15743.0,Reel
2010-08-14,20229.0,Reel
2010-08-15,14156.0,Reel
2010-08-16,18893.0,Reel
2010-08-17,19779.0,Reel
2010-08-18,21900.0,Reel
2010-08-19,17634.0,Reel
2010-08-20,20313.0,Reel
2010-08-21,22961.0,Reel
2010-08-22,25485.0,Reel
2010-08-23,16765.0,Reel
2010-08-24,22760.0,Reel
2010-08-25,24499.0,Reel
2010-08-26,15245.0,Reel
2010-08-27,18341.0,Reel
2010-08-28,19408.0,Reel
2010-08-29,18402.0,Reel
2010-08-30,14187.0,Reel
2010-08-31,21886.0,Reel
2010-09-01,16944.0,Reel
2010-09-02,14535.0,Reel
2010-09-03,18898.0,Reel
2010-09-04,16904.0,Reel
2010-09-05,18269.0,Reel
2010-09-06,14782.0,Reel
2010-09-07,18050.0,Reel
2010-09-08,17451.0,Reel
2010-09-09,15496.0,Reel
2010-09-10,17601.0,Reel
2010-09-11,15638.0,Reel
2010-09-12,18071.0,Reel
2010-09-13,16875.0,Reel
2010-09-14,16735.0,Reel
2010-09-15,18219.0,Reel
2010-09-16,17236.0,Reel
2010-09-17,14838.0,Reel
2010-09-18,17008.0,Reel
2010-09-19,25289.0,Reel
2010-09-20,23715.0,Reel
2010-09-21,21837.0,Reel
2010-09-22,21300.0,Reel
2010-09-23,22418.0,Reel
2010-09-24,14776.0,Reel
2010-09-25,26269.0,Reel
2010-09-26,18803.0,Reel
2010-09-27,22340.0,Reel
2010-09-28,20118.0,Reel
2010-09-29,13801.0,Reel
2010-09-30,19754.0,Reel
2010-10-01,17024.0,Reel
2010-10-02,23120.0,Reel
2010-10-03,17541.0,Reel
2010-10-04,16238.0,Reel
2010-10-05,23864.0,Reel
2010-10-06,17328.0,Reel
2010-10-07,21401.0,Reel
2010-10-08,20200.0,Reel
2010-10-09,18119.0,Reel
2010-10-10,14952.0,Reel
2010-10-11,22386.0,Reel
2010-10-12,16919.0,Reel
2010-10-13,25049.0,Reel
2010-10-14,19105.0,Reel
2010-10-15,10960.0,Reel
2010-10-16,20349.0,Reel
2010-10-17,19593.0,Reel
2010-10-18,15191.0,Reel
2010-10-19,21666.0,Reel
2010-10-20,16635.0,Reel
2010-10-21,19504.0,Reel
2010-10-22,21629.0,Reel
2010-10-23,12906.0,Reel
2010-10-24,19555.0,Reel
2010-10-25,14520.0,Reel
2010-10-26,22237.0,Reel
2010-10-27,20144.0,Reel
2010-10-28,23274.0,Reel
2010-10-29,13891.0,Reel
2010-10-30,18799.0,Reel
2010-10-31,17674.0,Reel
2010-11-01,17086.0,Reel
2010-11-02,19210.0,Reel
2010-11-03,16865.0,Reel
2010-11-04,22311.0,Reel
2010-11-05,25009.0,Reel
2010-11-06,15512.0,Reel
2010-11-07,17281.0,Reel
2010-11-08,16353.0,Reel
2010-11-09,29274.0,Reel
2010-11-10,14021.0,Reel
2010-11-11,14710.0,Reel
2010-11-12,18416.0,Reel
2010-11-13,22806.0,Reel
2010-11-14,20693.0,Reel
2010-11-15,20951.0,Reel
2010-11-16,16900.0,Reel
2010-11-17,16729.0,Reel
2010-11-18,28857.0,Reel
2010-11-19,19741.0,Reel
2010-11-20,23854.0,Reel
2010-11-21,19267.0,Reel
2010-11-22,24213.0,Reel
2010-11-23,23913.0,Reel
2010-11-24,22718.0,Reel
2010-11-25,17640.0,Reel
2010-11-26,25681.0,Reel
2010-11-27,19026.0,Reel
2010-11-28,23763.0,Reel
2010-11-29,13171.0,Reel
2010-11-30,18073.0,Reel
2010-12-01,15710.0,Reel
2010-12-02,24549.0,Reel
2010-12-03,20771.0,Reel
2010-12-04,21006.0,Reel
2010-12-05,20381.0,Reel
2010-12-06,21003.0,Reel
2010-12-07,14048.0,Reel
2010-12-08,27442.0,Reel
2010-12-09,14905.0,Reel
2010-12-10,17880.0,Reel
2010-12-11,26275.0,Reel
2010-12-12,18418.0,Reel
2010-12-13,20607.0,Reel
2010-12-14,25274.0,Reel
2010-12-15,20091.0,Reel
2010-12-16,15162.0,Reel
2010-12-17,20742.0,Reel
2010-12-18,19910.0,Reel
2010-12-19,22246.0,Reel
2010-12-20,12641.0,Reel
2010-12-21,16498.0,Reel
2010-12-22,21692.0,Reel
2010-12-23,16238.0,Reel
2010-12-24,20344.0,Reel
2010-12-25,6357.0,Reel
2010-12-26,14175.0,Reel
2010-12-27,14950.0,Reel
2010-12-28,15485.0,Reel
2010-12-29,16206.0,Reel
2010-12-30,16101.0,Reel
2010-12-31,22354.0,Reel
2011-01-01,9992.0,Reel
2011-01-02,19234.0,Reel
2011-01-03,25112.0,Reel
2011-01-04,25507.0,Reel
2011-01-05,20586.0,Reel
2011-01-06,14611.0,Reel
2011-01-07,13541.0,Reel
2011-01-08,18790.0,Reel
2011-01-09,15999.0,Reel
2011-01-10,20157.0,Reel
2011-01-11,17041.0,Reel
2011-01-12,13163.0,Reel
2011-01-13,20602.0,Reel
2011-01-14,17969.0,Reel
2011-01-15,17800.0,Reel
2011-01-16,16030.0,Reel
2011-01-17,16607.0,Reel
2011-01-18,17670.0,Reel
2011-01-19,15091.0,Reel
2011-01-20,8112.0,Reel
2011-01-21,23063.0,Reel
2011-01-22,18751.0,Reel
2011-01-23,14719.0,Reel
2011-01-24,12798.0,Reel
2011-01-25,26382.0,Reel
2011-01-26,15814.0,Reel
2011-01-27,19017.0,Reel
2011-01-28,19435.0,Reel
2011-01-29,14942.0,Reel
2011-01-30,18990.0,Reel
2011-01-31,17796.0,Reel
2011-02-01,17697.0,Reel
2011-02-02,18268.0,Reel
2011-02-03,20255.0,Reel
2011-02-04,20434.0,Reel
2011-02-05,15404.0,Reel
2011-02-06,26164.0,Reel
2011-02-07,23761.0,Reel
2011-02-08,17390.0,Reel
2011-02-09,16121.0,Reel
2011-02-10,12972.0,Reel
2011-02-11,21413.0,Reel
2011-02-12,23185.0,Reel
2011-02-13,17804.0,Reel
2011-02-14,18409.0,Reel
2011-02-15,15417.0,Reel
2011-02-16,14215.0,Reel
2011-02-17,23974.0,Reel
2011-02-18,20185.0,Reel
2011-02-19,21086.0,Reel
2011-02-20,19117.0,Reel
2011-02-21,14175.0,Reel
2011-02-22,18965.0,Reel
2011-02-23,17648.0,Reel
2011-02-24,18517.0,Reel
2011-02-25,20965.0,Reel
2011-02-26,19201.0,Reel
2011-02-27,22419.0,Reel
2011-02-28,15966.0,Reel
2011-03-01,16722.0,Reel
2011-03-02,20395.0,Reel
2011-03-03,14193.0,Reel
2011-03-04,16888.0,Reel
2011-03-05,24152.0,Reel
2011-03-06,18866.0,Reel
2011-03-07,14917.0,Reel
2011-03-08,15332.0,Reel
2011-03-09,16340.0,Reel
2011-03-10,23515.0,Reel
2011-03-11,12511.0,Reel
2011-03-12,18996.0,Reel
2011-03-13,19726.0,Reel
2011-03-14,16717.0,Reel
2011-03-15,20368.0,Reel
2011-03-16,25445.0,Reel
2011-03-17,18016.0,Reel
2011-03-18,24264.0,Reel
2011-03-19,10528.0,Reel
2011-03-20,18951.0,Reel
2011-03-21,20401.0,Reel
2011-03-22,18381.0,Reel
2011-03-23,17957.0,Reel
2011-03-24,12065.0,Reel
2011-03-25,21069.0,Reel
2011-03-26,12024.0,Reel
2011-03-27,22235.0,Reel
2011-03-28,12134.0,Reel
2011-03-29,13881.0,Reel
2011-03-30,15716.0,Reel
2011-03-31,18932.0,Reel
2011-04-01,7090.0,Reel
2011-04-02,13820.0,Reel
2011-04-03,20842.0,Reel
2011-04-04,17692.0,Reel
2011-04-05,18755.0,Reel
2011-04-06,16910.0,Reel
2011-04-07,22483.0,Reel
2011-04-08,15401.0,Reel
2011-04-09,21391.0,Reel
2011-04-10,21684.0,Reel
2011-04-11,11084.0,Reel
2011-04-12,16869.0,Reel
2011-04-13,21940.0,Reel
2011-04-14,23820.0,Reel
2011-04-15,17901.0,Reel
2011-04-16,13228.0,Reel
2011-04-17,23901.0,Reel
2011-04-18,14490.0,Reel
2011-04-19,17106.0,Reel
2011-04-20,22341.0,Reel
2011-04-21,18603.0,Reel
2011-04-22,17493.0,Reel
2011-04-23,23928.0,Reel
2011-04-24,20797.0,Reel
2011-04-25,19162.0,Reel
2011-04-26,12382.0,Reel
2011-04-27,12295.0,Reel
2011-04-28,26244.0,Reel
2011-04-29,22114.0,Reel
2011-04-30,19137.0,Reel
2011-05-01,18124.0,Reel
2011-05-02,22989.0,Reel
2011-05-03,21730.0,Reel
2011-05-04,24836.0,Reel
2011-05-05,17750.0,Reel
2011-05-06,17402.0,Reel
2011-05-07,13538.0,Reel
2011-05-08,19587.0,Reel
2011-05-09,19023.0,Reel
2011-05-10,17609.0,Reel
2011-05-11,26311.0,Reel
2011-05-12,22123.0,Reel
2011-05-13,15930.0,Reel
2011-05-14,25130.0,Reel
2011-05-15,27239.0,Reel
2011-05-16,14758.0,Reel
2011-05-17,24082.0,Reel
2011-05-18,23479.0,Reel
2011-05-19,20877.0,Reel
2011-05-20,17424.0,Reel
2011-05-21,15031.0,Reel
2011-05-22,17327.0,Reel
2011-05-23,22247.0,Reel
2011-05-24,16955.0,Reel
2011-05-25,16442.0,Reel
2011-05-26,24246.0,Reel
2011-05-27,20280.0,Reel
2011-05-28,18219.0,Reel
2011-05-29,12758.0,Reel
2011-05-30,17787.0,Reel
2011-05-31,16542.0,Reel
2011-06-01,19381.0,Reel
2011-06-02,30023.0,Reel
2011-06-03,15777.0,Reel
2011-06-04,21761.0,Reel
2011-06-05,25993.0,Reel
2011-06-06,21540.0,Reel
2011-06-07,24434.0,Reel
2011-06-08,15202.0,Reel
2011-06-09,16886.0,Reel
2011-06-10,17102.0,Reel
2011-06-11,12575.0,Reel
2011-06-12,19925.0,Reel
2011-06-13,20129.0,Reel
2011-06-14,8604.0,Reel
2011-06-15,23400.0,Reel
2011-06-16,14597.0,Reel
2011-06-17,6910.0,Reel
2011-06-18,21986.0,Reel
2011-06-19,23284.0,Reel
2011-06-20,19151.0,Reel
2011-06-21,16400.0,Reel
2011-06-22,17754.0,Reel
2011-06-23,7065.0,Reel
2011-06-24,25269.0,Reel
2011-06-25,17401.0,Reel
2011-06-26,17999.0,Reel
2011-06-27,22560.0,Reel
2011-06-28,15921.0,Reel
2011-06-29,20036.0,Reel
2011-06-30,13776.0,Reel
2011-07-01,16231.0,Reel
2011-07-02,19983.0,Reel
2011-07-03,18155.0,Reel
2011-07-04,17565.0,Reel
2011-07-05,14954.0,Reel
2011-07-06,21197.0,Reel
2011-07-07,25557.0,Reel
2011-07-08,19468.0,Reel
2011-07-09,16650.0,Reel
2011-07-10,20667.0,Reel
2011-07-11,22738.0,Reel
2011-07-12,11945.0,Reel
2011-07-13,17555.0,Reel
2011-07-14,29034.0,Reel
2011-07-15,10340.0,Reel
2011-07-16,11444.0,Reel
2011-07-17,15793.0,Reel
2011-07-18,15777.0,Reel
2011-07-19,23935.0,Reel
2011-07-20,16754.0,Reel
2011-07-21,19566.0,Reel
2011-07-22,16492.0,Reel
2011-07-23,15649.0,Reel
2011-07-24,23504.0,Reel
2011-07-25,18515.0,Reel
2011-07-26,22545.0,Reel
2011-07-27,15244.0,Reel
2011-07-28,27639.0,Reel
2011-07-29,20831.0,Reel
2011-07-30,19931.0,Reel
2011-07-31,26487.0,Reel
2011-08-01,19366.0,Reel
2011-08-02,10259.0,Reel
2011-08-03,7886.0,Reel
2011-08-04,26658.0,Reel
2011-08-05,12662.0,Reel
2011-08-06,16965.0,Reel
2011-08-07,14819.0,Reel
2011-08-08,16279.0,Reel
2011-08-09,15938.0,Reel
2011-08-10,11937.0,Reel
2011-08-11,15245.0,Reel
2011-08-12,20402.0,Reel
2011-08-13,20935.0,Reel
2011-08-14,24733.0,Reel
2011-08-15,21667.0,Reel
2011-08-16,21518.0,Reel
2011-08-17,18525.0,Reel
2011-08-18,16589.0,Reel
2011-08-19,16474.0,Reel
2011-08-20,18983.0,Reel
2011-08-21,19218.0,Reel
2011-08-22,37721.0,Reel
2011-08-23,20346.0,Reel
2011-08-24,19942.0,Reel
2011-08-25,17312.0,Reel
2011-08-26,22235.0,Reel
2011-08-27,16588.0,Reel
2011-08-28,22595.0,Reel
2011-08-29,18105.0,Reel
2011-08-30,20640.0,Reel
2011-08-31,23088.0,Reel
2011-09-01,13977.0,Reel
2011-09-02,22018.0,Reel
2011-09-03,17915.0,Reel
2011-09-04,22058.0,Reel
2011-09-05,11440.0,Reel
2011-09-06,25941.0,Reel
2011-09-07,21529.0,Reel
2011-09-08,14241.0,Reel
2011-09-09,18915.0,Reel
2011-09-10,21397.0,Reel
2011-09-11,28201.0,Reel
2011-09-12,13239.0,Reel
2011-09-13,14608.0,Reel
2011-09-14,28220.0,Reel
2011-09-15,20684.0,Reel
2011-09-16,13314.0,Reel
2011-09-17,25023.0,Reel
2011-09-18,15174.0,Reel
2011-09-19,13181.0,Reel
2011-09-20,25089.0,Reel
2011-09-21,12797.0,Reel
2011-09-22,15650.0,Reel
2011-09-23,14834.0,Reel
2011-09-24,24858.0,Reel
2011-09-25,13338.0,Reel
2011-09-26,25193.0,Reel
2011-09-27,17773.0,Reel
2011-09-28,20760.0,Reel
2011-09-29,18611.0,Reel
2011-09-30,17100.0,Reel
2011-10-01,19291.0,Reel
2011-10-02,19462.0,Reel
2011-10-03,16876.0,Reel
2011-10-04,20864.0,Reel
2011-10-05,14954.0,Reel
2011-10-06,20030.0,Reel
2011-10-07,13340.0,Reel
2011-10-08,21853.0,Reel
2011-10-09,24293.0,Reel
2011-10-10,19938.0,Reel
2011-10-11,20261.0,Reel
2011-10-12,17543.0,Reel
2011-10-13,14975.0,Reel
2011-10-14,19056.0,Reel
2011-10-15,13793.0,Reel
2011-10-16,18926.0,Reel
2011-10-17,21430.0,Reel
2011-10-18,19944.0,Reel
2011-10-19,24668.0,Reel
2011-10-20,21800.0,Reel
2011-10-21,17089.0,Reel
2011-10-22,21663.0,Reel
2011-10-23,11086.0,Reel
2011-10-24,21202.0,Reel
2011-10-25,16010.0,Reel
2011-10-26,12049.0,Reel
2011-10-27,24279.0,Reel
2011-10-28,23166.0,Reel
2011-10-29,21852.0,Reel
2011-10-30,21419.0,Reel
2011-10-31,27974.0,Reel
2011-11-01,18215.0,Reel
2011-11-02,26856.0,Reel
2011-11-03,20593.0,Reel
2011-11-04,16126.0,Reel
2011-11-05,22272.0,Reel
2011-11-06,21794.0,Reel
2011-11-07,16335.0,Reel
2011-11-08,13847.0,Reel
2011-11-09,18566.0,Reel
2011-11-10,28080.0,Reel
2011-11-11,21555.0,Reel
2011-11-12,20650.0,Reel
2011-11-13,13340.0,Reel
2011-11-14,10913.0,Reel
2011-11-15,23089.0,Reel
2011-11-16,21014.0,Reel
2011-11-17,18084.0,Reel
2011-11-18,18888.0,Reel
2011-11-19,19580.0,Reel
2011-11-20,19224.0,Reel
2011-11-21,15634.0,Reel
2011-11-22,24161.0,Reel
2011-11-23,17776.0,Reel
2011-11-24,17639.0,Reel
2011-11-25,16185.0,Reel
2011-11-26,21347.0,Reel
2011-11-27,20753.0,Reel
2011-11-28,13481.0,Reel
2011-11-29,28540.0,Reel
2011-11-30,35999.0,Reel
2011-12-01,16124.0,Reel
2011-12-02,16151.0,Reel
2011-12-03,21186.0,Reel
2011-12-04,18749.0,Reel
2011-12-05,17338.0,Reel
2011-12-06,22743.0,Reel
2011-12-07,21284.0,Reel
2011-12-08,17902.0,Reel
2011-12-09,13441.0,Reel
2011-12-10,20107.0,Reel
2011-12-11,18102.0,Reel
2011-12-12,10724.0,Reel
2011-12-13,20322.0,Reel
2011-12-14,20212.0,Reel
2011-12-15,14506.0,Reel
2011-12-16,14906.0,Reel
2011-12-17,18040.0,Reel
2011-12-18,16355.0,Reel
2011-12-19,22414.0,Reel
2011-12-20,23994.0,Reel
2011-12-21,19051.0,Reel
2011-12-22,11289.0,Reel
2011-12-23,18240.0,Reel
2011-12-24,12080.0,Reel
2011-12-25,12470.0,Reel
2011-12-26,18981.0,Reel
2011-12-27,23239.0,Reel
2011-12-28,16646.0,Reel
2011-12-29,19117.0,Reel
2011-12-30,20258.0,Reel
2011-12-31,18009.0,Reel
2012-01-01,19692.0,Reel
2012-01-02,14886.0,Reel
2012-01-03,13455.0,Reel
2012-01-04,18159.0,Reel
2012-01-05,13417.0,Reel
2012-01-06,16818.0,Reel
2012-01-07,15717.0,Reel
2012-01-08,22644.0,Reel
2012-01-09,20733.0,Reel
2012-01-10,13688.0,Reel
2012-01-11,14928.0,Reel
2012-01-12,11267.0,Reel
2012-01-13,16909.0,Reel
2012-01-14,12066.0,Reel
2012-01-15,20701.0,Reel
2012-01-16,11272.0,Reel
2012-01-17,19259.0,Reel
2012-01-18,19407.0,Reel
2012-01-19,24414.0,Reel
2012-01-20,20738.0,Reel
2012-01-21,18991.0,Reel
2012-01-22,14867.0,Reel
2012-01-23,17571.0,Reel
2012-01-24,17132.0,Reel
2012-01-25,13514.0,Reel
2012-01-26,15282.0,Reel
2012-01-27,20994.0,Reel
2012-01-28,17563.0,Reel
2012-01-29,13706.0,Reel
2012-01-30,17618.0,Reel
2012-01-31,23868.0,Reel
2012-02-01,17499.0,Reel
2012-02-02,12858.0,Reel
2012-02-03,12846.0,Reel
2012-02-04,21456.0,Reel
2012-02-05,21304.0,Reel
2012-02-06,19061.0,Reel
2012-02-07,29218.0,Reel
2012-02-08,20519.0,Reel
2012-02-09,19387.0,Reel
2012-02-10,19280.0,Reel
2012-02-11,23249.0,Reel
2012-02-12,17473.0,Reel
2012-02-13,17464.0,Reel
2012-02-14,20577.0,Reel
2012-02-15,14731.0,Reel
2012-02-16,18355.0,Reel
2012-02-17,23305.0,Reel
2012-02-18,24783.0,Reel
2012-02-19,19973.0,Reel
2012-02-20,16876.0,Reel
2012-02-21,19354.0,Reel
2012-02-22,18607.0,Reel
2012-02-23,14841.0,Reel
2012-02-24,20210.0,Reel
2012-02-25,13856.0,Reel
2012-02-26,25207.0,Reel
2012-02-27,25688.0,Reel
2012-02-28,21311.0,Reel
2012-02-29,17623.0,Reel
2012-03-01,17315.0,Reel
2012-03-02,23751.0,Reel
2012-03-03,22234.0,Reel
2012-03-04,16766.0,Reel
2012-03-05,22486.0,Reel
2012-03-06,23283.0,Reel
2012-03-07,16672.0,Reel
2012-03-08,18002.0,Reel
2012-03-09,22750.0,Reel
2012-03-10,20460.0,Reel
2012-03-11,21181.0,Reel
2012-03-12,18937.0,Reel
2012-03-13,20098.0,Reel
2012-03-14,21798.0,Reel
2012-03-15,26797.0,Reel
2012-03-16,16336.0,Reel
2012-03-17,19713.0,Reel
2012-03-18,24830.0,Reel
2012-03-19,13187.0,Reel
2012-03-20,11837.0,Reel
2012-03-21,21468.0,Reel
2012-03-22,18524.0,Reel
2012-03-23,14834.0,Reel
2012-03-24,23331.0,Reel
2012-03-25,16822.0,Reel
2012-03-26,18447.0,Reel
2012-03-27,16636.0,Reel
2012-03-28,11291.0,Reel
2012-03-29,13658.0,Reel
2012-03-30,14831.0,Reel
2012-03-31,21707.0,Reel
2012-04-01,21117.0,Reel
2012-04-02,18177.0,Reel
2012-04-03,18817.0,Reel
2012-04-04,19449.0,Reel
2012-04-05,26372.0,Reel
2012-04-06,14768.0,Reel
2012-04-07,27141.0,Reel
2012-04-08,14212.0,Reel
2012-04-09,23481.0,Reel
2012-04-10,18560.0,Reel
2012-04-11,16969.0,Reel
2012-04-12,13441.0,Reel
2012-04-13,16043.0,Reel
2012-04-14,27282.0,Reel
2012-04-15,16291.0,Reel
2012-04-16,11608.0,Reel
2012-04-17,16340.0,Reel
2012-04-18,19473.0,Reel
2012-04-19,19251.0,Reel
2012-04-20,14371.0,Reel
2012-04-21,11982.0,Reel
2012-04-22,12531.0,Reel
2012-04-23,21782.0,Reel
2012-04-24,11077.0,Reel
2012-04-25,24257.0,Reel
2012-04-26,15438.0,Reel
2012-04-27,26738.0,Reel
2012-04-28,23974.0,Reel
2012-04-29,24008.0,Reel
2012-04-30,10410.0,Reel
2012-05-01,13970.0,Reel
2012-05-02,19582.0,Reel
2012-05-03,18496.0,Reel
2012-05-04,25297.0,Reel
2012-05-05,18193.0,Reel
2012-05-06,21856.0,Reel
2012-05-07,8244.0,Reel
2012-05-08,16472.0,Reel
2012-05-09,15206.0,Reel
2012-05-10,15959.0,Reel
2012-05-11,24441.0,Reel
2012-05-12,24387.0,Reel
2012-05-13,19051.0,Reel
2012-05-14,19823.0,Reel
2012-05-15,23029.0,Reel
2012-05-16,17083.0,Reel
2012-05-17,25038.0,Reel
2012-05-18,9064.0,Reel
2012-05-19,15611.0,Reel
2012-05-20,18547.0,Reel
2012-05-21,23181.0,Reel
2012-05-22,23554.0,Reel
2012-05-23,24778.0,Reel
2012-05-24,14382.0,Reel
2012-05-25,17615.0,Reel
2012-05-26,25677.0,Reel
2012-05-27,19869.0,Reel
2012-05-28,21771.0,Reel
2012-05-29,17866.0,Reel
2012-05-30,20224.0,Reel
2012-05-31,18549.0,Reel
2012-06-01,20782.0,Reel
2012-06-02,20482.0,Reel
2012-06-03,10644.0,Reel
2012-06-04,23163.0,Reel
2012-06-05,14026.0,Reel
2012-06-06,11773.0,Reel
2012-06-07,17957.0,Reel
2012-06-08,15415.0,Reel
2012-06-09,26052.0,Reel
2012-06-10,24058.0,Reel
2012-06-11,18008.0,Reel
2012-06-12,24857.0,Reel
2012-06-13,19083.0,Reel
2012-06-14,24682.0,Reel
2012-06-15,16007.0,Reel
2012-06-16,16002.0,Reel
2012-06-17,18882.0,Reel
2012-06-18,18913.0,Reel
2012-06-19,22436.0,Reel
2012-06-20,14485.0,Reel
2012-06-21,20938.0,Reel
2012-06-22,13204.0,Reel
2012-06-23,16286.0,Reel
2012-06-24,17989.0,Reel
2012-06-25,18006.0,Reel
2012-06-26,15606.0,Reel
2012-06-27,15823.0,Reel
2012-06-28,13076.0,Reel
2012-06-29,12645.0,Reel
2012-06-30,31614.0,Reel
2012-07-01,14435.0,Reel
2012-07-02,19984.0,Reel
2012-07-03,23276.0,Reel
2012-07-04,16174.0,Reel
2012-07-05,10713.0,Reel
2012-07-06,17179.0,Reel
2012-07-07,21280.0,Reel
2012-07-08,15478.0,Reel
2012-07-09,16355.0,Reel
2012-07-10,16093.0,Reel
2012-07-11,14145.0,Reel
2012-07-12,14327.0,Reel
2012-07-13,33674.0,Reel
2012-07-14,21210.0,Reel
2012-07-15,13547.0,Reel
2012-07-16,25961.0,Reel
2012-07-17,19872.0,Reel
2012-07-18,19982.0,Reel
2012-07-19,22146.0,Reel
2012-07-20,20479.0,Reel
2012-07-21,22638.0,Reel
2012-07-22,22187.0,Reel
2012-07-23,17746.0,Reel
2012-07-24,19879.0,Reel
2012-07-25,25243.0,Reel
2012-07-26,12398.0,Reel
2012-07-27,16561.0,Reel
2012-07-28,15921.0,Reel
2012-07-29,25715.0,Reel
2012-07-30,19563.0,Reel
2012-07-31,16891.0,Reel
2012-08-01,18937.0,Reel
2012-08-02,19210.0,Reel
2012-08-03,19930.0,Reel
2012-08-04,13232.0,Reel
2012-08-05,17736.0,Reel
2012-08-06,16278.0,Reel
2012-08-07,14576.0,Reel
2012-08-08,15367.0,Reel
2012-08-09,7251.0,Reel
2012-08-10,12604.0,Reel
2012-08-11,23159.0,Reel
2012-08-12,14982.0,Reel
2012-08-13,14227.0,Reel
2012-08-14,22173.0,Reel
2012-08-15,17832.0,Reel
2012-08-16,16681.0,Reel
2012-08-17,20992.0,Reel
2012-08-18,16412.0,Reel
2012-08-19,13786.0,Reel
2012-08-20,16332.0,Reel
2012-08-21,19290.0,Reel
2012-08-22,12873.0,Reel
2012-08-23,16555.0,Reel
2012-08-24,15352.0,Reel
2012-08-25,14927.0,Reel
2012-08-26,20499.0,Reel
2012-08-27,18436.0,Reel
2012-08-28,8812.0,Reel
2012-08-29,17545.0,Reel
2012-08-30,21937.0,Reel
2012-08-31,28055.0,Reel
2012-09-01,17741.0,Reel
2012-09-02,14012.0,Reel
2012-09-03,18634.0,Reel
2012-09-04,20775.0,Reel
2012-09-05,13986.0,Reel
2012-09-06,19410.0,Reel
2012-09-07,19183.0,Reel
2012-09-08,24164.0,Reel
2012-09-09,25488.0,Reel
2012-09-10,17682.0,Reel
2012-09-11,20647.0,Reel
2012-09-12,15518.0,Reel
2012-09-13,10568.0,Reel
2012-09-14,24405.0,Reel
2012-09-15,18415.0,Reel
2012-09-16,13863.0,Reel
2012-09-17,17758.0,Reel
2012-09-18,22036.0,Reel
2012-09-19,17148.0,Reel
2012-09-20,19641.0,Reel
2012-09-21,9256.0,Reel
2012-09-22,20757.0,Reel
2012-09-23,25346.0,Reel
2012-09-24,10962.0,Reel
2012-09-25,28265.0,Reel
2012-09-26,18259.0,Reel
2012-09-27,20596.0,Reel
2012-09-28,18126.0,Reel
2012-09-29,19409.0,Reel
2012-09-30,17912.0,Reel
2012-10-01,19861.0,Reel
2012-10-02,13248.0,Reel
2012-10-03,14782.0,Reel
2012-10-04,16409.0,Reel
2012-10-05,14669.0,Reel
2012-10-06,21221.0,Reel
2012-10-07,22368.0,Reel
2012-10-08,21233.0,Reel
2012-10-09,25942.0,Reel
2012-10-10,17850.0,Reel
2012-10-11,18704.0,Reel
2012-10-12,14890.0,Reel
2012-10-13,21351.0,Reel
2012-10-14,18207.0,Reel
2012-10-15,20004.0,Reel
2012-10-16,22234.0,Reel
2012-10-17,16351.0,Reel
2012-10-18,17052.0,Reel
2012-10-19,22892.0,Reel
2012-10-20,21106.0,Reel
2012-10-21,14743.0,Reel
2012-10-22,20144.0,Reel
2012-10-23,13374.0,Reel
2012-10-24,10022.0,Reel
2012-10-25,25144.0,Reel
2012-10-26,22210.0,Reel
2012-10-27,14072.0,Reel
2012-10-28,26761.0,Reel
2012-10-29,10145.0,Reel
2012-10-30,26602.0,Reel
2012-10-31,25142.0,Reel
2012-11-01,13691.0,Reel
2012-11-02,16026.0,Reel
2012-11-03,18121.0,Reel
2012-11-04,27291.0,Reel
2012-11-05,22020.0,Reel
2012-11-06,16753.0,Reel
2012-11-07,20689.0,Reel
2012-11-08,17671.0,Reel
2012-11-09,12270.0,Reel
2012-11-10,17583.0,Reel
2012-11-11,18854.0,Reel
2012-11-12,16230.0,Reel
2012-11-13,19321.0,Reel
2012-11-14,22490.0,Reel
2012-11-15,14699.0,Reel
2012-11-16,17313.0,Reel
2012-11-17,23119.0,Reel
2012-11-18,15037.0,Reel
2012-11-19,19994.0,Reel
2012-11-20,24985.0,Reel
2012-11-21,23411.0,Reel
2012-11-22,19136.0,Reel
2012-11-23,23382.0,Reel
2012-11-24,19496.0,Reel
2012-11-25,20531.0,Reel
2012-11-26,17812.0,Reel
2012-11-27,30657.0,Reel
2012-11-28,21298.0,Reel
2012-11-29,17328.0,Reel
2012-11-30,14257.0,Reel
2012-12-01,20031.0,Reel
2012-12-02,17161.0,Reel
2012-12-03,22694.0,Reel
2012-12-04,22000.0,Reel
2012-12-05,13577.0,Reel
2012-12-06,20330.0,Reel
2012-12-07,18324.0,Reel
2012-12-08,19267.0,Reel
2012-12-09,29288.0,Reel
2012-12-10,21684.0,Reel
2012-12-11,19100.0,Reel
2012-12-12,19735.0,Reel
2012-12-13,20469.0,Reel
2012-12-14,21319.0,Reel
2012-12-15,16858.0,Reel
2012-12-16,14047.0,Reel
2012-12-17,13812.0,Reel
2012-12-18,23576.0,Reel
2012-12-19,14374.0,Reel
2012-12-20,10982.0,Reel
2012-12-21,20886.0,Reel
2012-12-22,16662.0,Reel
2012-12-23,13675.0,Reel
2012-12-24,12560.0,Reel
2012-12-25,25941.0,Reel
2012-12-26,17543.0,Reel
2012-12-27,24789.0,Reel
2012-12-28,26540.0,Reel
2012-12-29,17361.0,Reel
2012-12-30,22037.0,Reel
2012-12-31,14583.0,Reel
2013-01-01,14301.0,Reel
2013-01-02,16276.0,Reel
2013-01-03,22332.0,Reel
2013-01-04,23784.0,Reel
2013-01-05,26972.0,Reel
2013-01-06,18693.0,Reel
2013-01-07,19076.0,Reel
2013-01-08,26315.0,Reel
2013-01-09,19538.0,Reel
2013-01-10,18133.0,Reel
2013-01-11,16680.0,Reel
2013-01-12,25786.0,Reel
2013-01-13,17940.0,Reel
2013-01-14,23925.0,Reel
2013-01-15,16061.0,Reel
2013-01-16,15447.0,Reel
2013-01-17,16076.0,Reel
2013-01-18,17377.0,Reel
2013-01-19,17074.0,Reel
2013-01-20,17542.0,Reel
2013-01-21,21149.0,Reel
2013-01-22,17382.0,Reel
2013-01-23,10718.0,Reel
2013-01-24,10157.0,Reel
2013-01-25,13746.0,Reel
2013-01-26,27658.0,Reel
2013-01-27,18507.0,Reel
2013-01-28,24227.0,Reel
2013-01-29,18070.0,Reel
2013-01-30,22712.0,Reel
2013-01-31,21546.0,Reel
2013-02-01,24272.0,Reel
2013-02-02,19537.0,Reel
2013-02-03,27770.0,Reel
2013-02-04,24673.0,Reel
2013-02-05,24671.0,Reel
2013-02-06,14287.0,Reel
2013-02-07,15644.0,Reel
2013-02-08,21492.0,Reel
2013-02-09,20381.0,Reel
2013-02-10,13636.0,Reel
2013-02-11,26219.0,Reel
2013-02-12,10483.0,Reel
2013-02-13,16499.0,Reel
2013-02-14,23781.0,Reel
2013-02-15,21656.0,Reel
2013-02-16,19214.0,Reel
2013-02-17,17093.0,Reel
2013-02-18,15900.0,Reel
2013-02-19,26219.0,Reel
2013-02-20,16063.0,Reel
2013-02-21,15961.0,Reel
2013-02-22,20102.0,Reel
2013-02-23,16011.0,Reel
2013-02-24,15774.0,Reel
2013-02-25,17272.0,Reel
2013-02-26,15878.0,Reel
2013-02-27,15809.0,Reel
2013-02-28,14955.0,Reel
2013-03-01,14615.0,Reel
2013-03-02,16650.0,Reel
2013-03-03,23308.0,Reel
2013-03-04,17882.0,Reel
2013-03-05,16122.0,Reel
2013-03-06,22900.0,Reel
2013-03-07,23404.0,Reel
2013-03-08,20451.0,Reel
2013-03-09,21126.0,Reel
2013-03-10,21033.0,Reel
2013-03-11,18006.0,Reel
2013-03-12,22695.0,Reel
2013-03-13,17335.0,Reel
2013-03-14,16668.0,Reel
2013-03-15,20690.0,Reel
2013-03-16,22408.0,Reel
2013-03-17,19406.0,Reel
2013-03-18,25920.0,Reel
2013-03-19,18185.0,Reel
2013-03-20,18485.0,Reel
2013-03-21,15360.0,Reel
2013-03-22,18632.0,Reel
2013-03-23,18491.0,Reel
2013-03-24,16942.0,Reel
2013-03-25,15024.0,Reel
2013-03-26,17810.0,Reel
2013-03-27,16933.0,Reel
2013-03-28,24822.0,Reel
2013-03-29,15918.0,Reel
2013-03-30,21192.0,Reel
2013-03-31,17806.0,Reel
2013-04-01,21443.0,Reel
2013-04-02,27158.0,Reel
2013-04-03,16576.0,Reel
2013-04-04,17959.0,Reel
2013-04-05,20285.0,Reel
2013-04-06,20938.0,Reel
2013-04-07,18593.0,Reel
2013-04-08,14604.0,Reel
2013-04-09,17996.0,Reel
2013-04-10,28144.0,Reel
2013-04-11,21209.0,Reel
2013-04-12,18543.0,Reel
2013-04-13,14380.0,Reel
2013-04-14,24581.0,Reel
2013-04-15,21030.0,Reel
2013-04-16,14364.0,Reel
2013-04-17,20358.0,Reel
2013-04-18,19496.0,Reel
2013-04-19,24344.0,Reel
2013-04-20,22150.0,Reel
2013-04-21,13161.0,Reel
2013-04-22,13941.0,Reel
2013-04-23,18438.0,Reel
2013-04-24,16856.0,Reel
2013-04-25,22583.0,Reel
2013-04-26,18157.0,Reel
2013-04-27,24850.0,Reel
2013-04-28,19046.0,Reel
2013-04-29,20730.0,Reel
2013-04-30,20687.0,Reel
2013-05-01,14888.0,Reel
2013-05-02,17329.0,Reel
2013-05-03,24567.0,Reel
2013-05-04,19781.0,Reel
2013-05-05,13958.0,Reel
2013-05-06,21160.0,Reel
2013-05-07,21392.0,Reel
2013-05-08,13503.0,Reel
2013-05-09,20546.0,Reel
2013-05-10,19086.0,Reel
2013-05-11,14184.0,Reel
2013-05-12,16983.0,Reel
2013-05-13,14528.0,Reel
2013-05-14,15846.0,Reel
2013-05-15,23647.0,Reel
2013-05-16,21671.0,Reel
2013-05-17,16280.0,Reel
2013-05-18,19019.0,Reel
2013-05-19,14366.0,Reel
2013-05-20,15175.0,Reel
2013-05-21,17756.0,Reel
2013-05-22,16914.0,Reel
2013-05-23,25033.0,Reel
2013-05-24,18327.0,Reel
2013-05-25,15757.0,Reel
2013-05-26,18056.0,Reel
2013-05-27,17348.0,Reel
2013-05-28,18716.0,Reel
2013-05-29,24267.0,Reel
2013-05-30,14641.0,Reel
2013-05-31,15961.0,Reel
2013-06-01,12789.0,Reel
2013-06-02,16006.0,Reel
2013-06-03,14180.0,Reel
2013-06-04,17524.0,Reel
2013-06-05,15374.0,Reel
2013-06-06,19942.0,Reel
2013-06-07,24200.0,Reel
2013-06-08,15962.0,Reel
2013-06-09,18130.0,Reel
2013-06-10,22239.0,Reel
2013-06-11,24373.0,Reel
2013-06-12,14910.0,Reel
2013-06-13,21193.0,Reel
2013-06-14,19172.0,Reel
2013-06-15,12408.0,Reel
2013-06-16,20167.0,Reel
2013-06-17,16245.0,Reel
2013-06-18,13923.0,Reel
2013-06-19,9799.0,Reel
2013-06-20,13174.0,Reel
2013-06-21,18188.0,Reel
2013-06-22,17476.0,Reel
2013-06-23,19429.0,Reel
2013-06-24,23687.0,Reel
2013-06-25,22061.0,Reel
2013-06-26,13244.0,Reel
2013-06-27,19193.0,Reel
2013-06-28,20661.0,Reel
2013-06-29,11927.0,Reel
2013-06-30,20216.0,Reel
2013-07-01,23510.0,Reel
2013-07-02,22649.0,Reel
2013-07-03,12035.0,Reel
2013-07-04,16220.0,Reel
2013-07-05,28542.0,Reel
2013-07-06,22974.0,Reel
2013-07-07,25732.0,Reel
2013-07-08,19719.0,Reel
2013-07-09,16015.0,Reel
2013-07-10,17197.0,Reel
2013-07-11,18254.0,Reel
2013-07-12,25901.0,Reel
2013-07-13,13875.0,Reel
2013-07-14,17443.0,Reel
2013-07-15,22323.0,Reel
2013-07-16,26751.0,Reel
2013-07-17,15626.0,Reel
2013-07-18,21579.0,Reel
2013-07-19,21793.0,Reel
2013-07-20,19786.0,Reel
2013-07-21,15670.0,Reel
2013-07-22,19920.0,Reel
2013-07-23,22903.0,Reel
2013-07-24,21283.0,Reel
2013-07-25,16071.0,Reel
2013-07-26,24551.0,Reel
2013-07-27,28515.0,Reel
2013-07-28,19489.0,Reel
2013-07-29,12762.0,Reel
2013-07-30,23105.0,Reel
2013-07-31,21103.0,Reel
2013-08-01,20678.0,Reel
2013-08-02,17551.0,Reel
2013-08-03,19355.0,Reel
2013-08-04,20154.0,Reel
2013-08-05,28173.0,Reel
2013-08-06,13711.0,Reel
2013-08-07,16777.0,Reel
2013-08-08,22710.0,Reel
2013-08-09,21417.0,Reel
2013-08-10,11397.0,Reel
2013-08-11,15520.0,Reel
2013-08-12,19085.0,Reel
2013-08-13,13170.0,Reel
2013-08-14,20616.0,Reel
2013-08-15,16051.0,Reel
2013-08-16,15862.0,Reel
2013-08-17,27284.0,Reel
2013-08-18,19454.0,Reel
2013-08-19,19901.0,Reel
2013-08-20,19497.0,Reel
2013-08-21,21814.0,Reel
2013-08-22,14991.0,Reel
2013-08-23,16497.0,Reel
2013-08-24,21553.0,Reel
2013-08-25,19213.0,Reel
2013-08-26,18269.0,Reel
2013-08-27,13862.0,Reel
2013-08-28,16846.0,Reel
2013-08-29,14746.0,Reel
2013-08-30,19661.0,Reel
2013-08-31,22252.0,Reel
2013-09-01,22818.0,Reel
2013-09-02,13325.0,Reel
2013-09-03,17883.0,Reel
2013-09-04,26775.0,Reel
2013-09-05,16700.0,Reel
2013-09-06,19678.0,Reel
2013-09-07,21887.0,Reel
2013-09-08,18073.0,Reel
2013-09-09,20834.0,Reel
2013-09-10,17417.0,Reel
2013-09-11,20458.0,Reel
2013-09-12,17871.0,Reel
2013-09-13,12342.0,Reel
2013-09-14,22935.0,Reel
2013-09-15,20800.0,Reel
2013-09-16,19416.0,Reel
2013-09-17,20023.0,Reel
2013-09-18,15377.0,Reel
2013-09-19,7494.0,Reel
2013-09-20,22575.0,Reel
2013-09-21,13669.0,Reel
2013-09-22,19903.0,Reel
2013-09-23,16976.0,Reel
2013-09-24,18090.0,Reel
2013-09-25,12492.0,Reel
2013-09-26,15553.0,Reel
2013-09-27,19845.0,Reel
2013-09-28,13572.0,Reel
2013-09-29,10766.0,Reel
2013-09-30,13563.0,Reel
2013-10-01,19474.0,Reel
2013-10-02,13446.0,Reel
2013-10-03,20406.0,Reel
2013-10-04,22088.0,Reel
2013-10-05,19683.0,Reel
2013-10-06,24195.0,Reel
2013-10-07,19866.0,Reel
2013-10-08,10417.0,Reel
2013-10-09,21211.0,Reel
2013-10-10,18680.0,Reel
2013-10-11,9760.0,Reel
2013-10-12,13215.0,Reel
2013-10-13,20627.0,Reel
2013-10-14,12444.0,Reel
2013-10-15,14886.0,Reel
2013-10-16,20468.0,Reel
2013-10-17,16082.0,Reel
2013-10-18,16240.0,Reel
2013-10-19,23439.0,Reel
2013-10-20,16138.0,Reel
2013-10-21,13588.0,Reel
2013-10-22,7562.0,Reel
2013-10-23,17814.0,Reel
2013-10-24,23800.0,Reel
2013-10-25,27032.0,Reel
2013-10-26,21230.0,Reel
2013-10-27,20785.0,Reel
2013-10-28,18732.0,Reel
2013-10-29,14783.0,Reel
2013-10-30,21761.0,Reel
2013-10-31,14055.0,Reel
2013-11-01,17054.0,Reel
2013-11-02,17402.0,Reel
2013-11-03,16884.0,Reel
2013-11-04,28974.0,Reel
2013-11-05,11758.0,Reel
2013-11-06,17146.0,Reel
2013-11-07,28101.0,Reel
2013-11-08,16620.0,Reel
2013-11-09,13462.0,Reel
2013-11-10,19651.0,Reel
2013-11-11,18461.0,Reel
2013-11-12,19238.0,Reel
2013-11-13,18199.0,Reel
2013-11-14,21454.0,Reel
2013-11-15,16612.0,Reel
2013-11-16,13507.0,Reel
2013-11-17,23759.0,Reel
2013-11-18,31690.0,Reel
2013-11-19,27234.0,Reel
2013-11-20,17421.0,Reel
2013-11-21,16422.0,Reel
2013-11-22,17810.0,Reel
2013-11-23,16501.0,Reel
2013-11-24,14220.0,Reel
2013-11-25,19640.0,Reel
2013-11-26,16901.0,Reel
2013-11-27,18589.0,Reel
2013-11-28,13633.0,Reel
2013-11-29,16036.0,Reel
2013-11-30,13313.0,Reel
2013-12-01,18667.0,Reel
2013-12-02,14069.0,Reel
2013-12-03,25345.0,Reel
2013-12-04,17481.0,Reel
2013-12-05,18333.0,Reel
2013-12-06,11872.0,Reel
2013-12-07,25389.0,Reel
2013-12-08,18356.0,Reel
2013-12-09,19060.0,Reel
2013-12-10,29039.0,Reel
2013-12-11,28927.0,Reel
2013-12-12,18768.0,Reel
2013-12-13,18702.0,Reel
2013-12-14,19013.0,Reel
2013-12-15,13967.0,Reel
2013-12-16,21200.0,Reel
2013-12-17,27622.0,Reel
2013-12-18,21929.0,Reel
2013-12-19,12886.0,Reel
2013-12-20,12635.0,Reel
2013-12-21,19197.0,Reel
2013-12-22,12623.0,Reel
2013-12-23,22922.0,Reel
2013-12-24,24441.0,Reel
2013-12-25,16864.0,Reel
2013-12-26,18787.0,Reel
2013-12-27,23933.0,Reel
2013-12-28,15055.0,Reel
2013-12-29,21576.0,Reel
2013-12-30,16762.0,Reel
2013-12-31,16013.0,Reel
2014-01-01,16180.0,Reel
2014-01-02,21884.0,Reel
2014-01-03,13824.0,Reel
2014-01-04,19122.0,Reel
2014-01-05,21222.0,Reel
2014-01-06,24807.0,Reel
2014-01-07,12576.0,Reel
2014-01-08,21737.0,Reel
2014-01-09,17710.0,Reel
2014-01-10,18066.0,Reel
2014-01-11,16236.0,Reel
2014-01-12,10999.0,Reel
2014-01-13,16081.0,Reel
2014-01-14,17826.0,Reel
2014-01-15,18840.0,Reel
2014-01-16,16300.0,Reel
2014-01-17,22130.0,Reel
2014-01-18,14803.0,Reel
2014-01-19,24561.0,Reel
2014-01-20,14543.0,Reel
2014-01-21,21821.0,Reel
2014-01-22,15819.0,Reel
2014-01-23,15977.0,Reel
2014-01-24,16899.0,Reel
2014-01-25,13924.0,Reel
2014-01-26,18959.0,Reel
2014-01-27,19909.0,Reel
2014-01-28,14244.0,Reel
2014-01-29,19537.0,Reel
2014-01-30,20313.0,Reel
2014-01-31,18989.0,Reel
2014-02-01,16703.0,Reel
2014-02-02,12187.0,Reel
2014-02-03,16183.0,Reel
2014-02-04,26175.0,Reel
2014-02-05,25692.0,Reel
2014-02-06,26525.0,Reel
2014-02-07,17259.0,Reel
2014-02-08,18131.0,Reel
2014-02-09,18342.0,Reel
2014-02-10,20925.0,Reel
2014-02-11,23734.0,Reel
2014-02-12,14709.0,Reel
2014-02-13,18491.0,Reel
2014-02-14,15699.0,Reel
2014-02-15,17805.0,Reel
2014-02-16,23135.0,Reel
2014-02-17,20124.0,Reel
2014-02-18,19371.0,Reel
2014-02-19,25700.0,Reel
2014-02-20,12844.0,Reel
2014-02-21,22631.0,Reel
2014-02-22,16633.0,Reel
2014-02-23,18229.0,Reel
2014-02-24,20680.0,Reel
2014-02-25,14981.0,Reel
2014-02-26,24290.0,Reel
2014-02-27,22203.0,Reel
2014-02-28,18887.0,Reel
2014-03-01,20122.0,Reel
2014-03-02,21744.0,Reel
2014-03-03,16231.0,Reel
2014-03-04,25629.0,Reel
2014-03-05,15886.0,Reel
2014-03-06,21387.0,Reel
2014-03-07,21386.0,Reel
2014-03-08,16124.0,Reel
2014-03-09,13527.0,Reel
2014-03-10,20219.0,Reel
2014-03-11,28193.0,Reel
2014-03-12,20412.0,Reel
2014-03-13,17196.0,Reel
2014-03-14,18167.0,Reel
2014-03-15,24935.0,Reel
2014-03-16,18835.0,Reel
2014-03-17,21245.0,Reel
2014-03-18,18911.0,Reel
2014-03-19,17187.0,Reel
2014-03-20,16117.0,Reel
2014-03-21,16278.0,Reel
2014-03-22,13598.0,Reel
2014-03-23,18111.0,Reel
2014-03-24,21375.0,Reel
2014-03-25,20930.0,Reel
2014-03-26,12311.0,Reel
2014-03-27,14399.0,Reel
2014-03-28,18907.0,Reel
2014-03-29,17956.0,Reel
2014-03-30,15559.0,Reel
2014-03-31,16350.0,Reel
2014-04-01,21036.0,Reel
2014-04-02,23442.0,Reel
2014-04-03,21840.0,Reel
2014-04-04,17114.0,Reel
2014-04-05,18060.0,Reel
2014-04-06,12346.0,Reel
2014-04-07,22998.0,Reel
2014-04-08,17963.0,Reel
2014-04-09,17750.0,Reel
2014-04-10,21602.0,Reel
2014-04-11,21542.0,Reel
2014-04-12,20854.0,Reel
2014-04-13,17085.0,Reel
2014-04-14,13986.0,Reel
2014-04-15,21282.0,Reel
2014-04-16,18073.0,Reel
2014-04-17,23274.0,Reel
2014-04-18,19708.0,Reel
2014-04-19,21148.0,Reel
2014-04-20,17735.0,Reel
2014-04-21,17868.0,Reel
2014-04-22,26096.0,Reel
2014-04-23,17987.0,Reel
2014-04-24,22937.0,Reel
2014-04-25,22364.0,Reel
2014-04-26,17926.0,Reel
2014-04-27,20775.0,Reel
2014-04-28,21754.0,Reel
2014-04-29,20371.0,Reel
2014-04-30,26592.0,Reel
2014-05-01,20992.0,Reel
2014-05-02,17738.0,Reel
2014-05-03,17860.0,Reel
2014-05-04,18040.0,Reel
2014-05-05,21348.0,Reel
2014-05-06,21575.0,Reel
2014-05-07,13416.0,Reel
2014-05-08,12306.0,Reel
2014-05-09,19069.0,Reel
2014-05-10,20260.0,Reel
2014-05-11,25416.0,Reel
2014-05-12,22292.0,Reel
2014-05-13,21500.0,Reel
2014-05-14,13240.0,Reel
2014-05-15,18751.0,Reel
2014-05-16,21531.0,Reel
2014-05-17,18606.0,Reel
2014-05-18,17579.0,Reel
2014-05-19,21739.0,Reel
2014-05-20,19416.0,Reel
2014-05-21,29684.0,Reel
2014-05-22,25510.0,Reel
2014-05-23,15517.0,Reel
2014-05-24,19175.0,Reel
2014-05-25,16381.0,Reel
2014-05-26,23226.0,Reel
2014-05-27,20662.0,Reel
2014-05-28,21087.0,Reel
2014-05-29,22998.0,Reel
2014-05-30,12045.0,Reel
2014-05-31,8260.0,Reel
2014-06-01,10009.0,Reel
2014-06-02,17316.0,Reel
2014-06-03,20482.0,Reel
2014-06-04,21931.0,Reel
2014-06-05,27686.0,Reel
2014-06-06,24193.0,Reel
2014-06-07,18167.0,Reel
2014-06-08,19497.0,Reel
2014-06-09,14556.0,Reel
2014-06-10,27180.0,Reel
2014-06-11,22330.0,Reel
2014-06-12,25777.0,Reel
2014-06-13,23519.0,Reel
2014-06-14,14609.0,Reel
2014-06-15,20392.0,Reel
2014-06-16,20430.0,Reel
2014-06-17,27617.0,Reel
2014-06-18,24775.0,Reel
2014-06-19,10966.0,Reel
2014-06-20,12470.0,Reel
2014-06-21,24104.0,Reel
2014-06-22,16267.0,Reel
2014-06-23,23589.0,Reel
2014-06-24,18096.0,Reel
2014-06-25,16108.0,Reel
2014-06-26,17877.0,Reel
2014-06-27,14040.0,Reel
2014-06-28,18993.0,Reel
2014-06-29,10864.0,Reel
2014-06-30,17590.0,Reel
2014-07-01,29633.0,Reel
2014-07-02,17644.0,Reel
2014-07-03,23225.0,Reel
2014-07-04,14114.0,Reel
2014-07-05,12240.0,Reel
2014-07-06,16398.0,Reel
2014-07-07,13374.0,Reel
2014-07-08,15492.0,Reel
2014-07-09,13591.0,Reel
2014-07-10,11465.0,Reel
2014-07-11,13490.0,Reel
2014-07-12,23357.0,Reel
2014-07-13,18323.0,Reel
2014-07-14,13394.0,Reel
2014-07-15,13168.0,Reel
2014-07-16,12411.0,Reel
2014-07-17,10618.0,Reel
2014-07-18,16545.0,Reel
2014-07-19,20476.0,Reel
2014-07-20,15767.0,Reel
2014-07-21,14563.0,Reel
2014-07-22,19894.0,Reel
2014-07-23,23599.0,Reel
2014-07-24,18993.0,Reel
2014-07-25,17385.0,Reel
2014-07-26,20743.0,Reel
2014-07-27,21449.0,Reel
2014-07-28,24320.0,Reel
2014-07-29,13548.0,Reel
2014-07-30,16641.0,Reel
2014-07-31,26856.0,Reel
2014-08-01,20181.0,Reel
2014-08-02,21478.0,Reel
2014-08-03,13515.0,Reel
2014-08-04,22418.0,Reel
2014-08-05,21737.0,Reel
2014-08-06,17695.0,Reel
2014-08-07,14903.0,Reel
2014-08-08,13428.0,Reel
2014-08-09,18106.0,Reel
2014-08-10,22039.0,Reel
2014-08-11,13399.0,Reel
2014-08-12,20543.0,Reel
2014-08-13,25706.0,Reel
2014-08-14,15875.0,Reel
2014-08-15,20348.0,Reel
2014-08-16,17806.0,Reel
2014-08-17,24762.0,Reel
2014-08-18,16524.0,Reel
2014-08-19,22360.0,Reel
2014-08-20,18429.0,Reel
2014-08-21,17924.0,Reel
2014-08-22,22183.0,Reel
2014-08-23,24696.0,Reel
2014-08-24,14264.0,Reel
2014-08-25,25531.0,Reel
2014-08-26,26056.0,Reel
2014-08-27,14515.0,Reel
2014-08-28,15810.0,Reel
2014-08-29,24128.0,Reel
2014-08-30,18640.0,Reel
2014-08-31,23527.0,Reel
2014-09-01,17408.0,Reel
2014-09-02,16935.0,Reel
2014-09-03,19386.0,Reel
2014-09-04,15327.0,Reel
2014-09-05,18257.0,Reel
2014-09-06,22627.0,Reel
2014-09-07,23824.0,Reel
2014-09-08,16349.0,Reel
2014-09-09,11445.0,Reel
2014-09-10,23136.0,Reel
2014-09-11,13661.0,Reel
2014-09-12,12857.0,Reel
2014-09-13,15788.0,Reel
2014-09-14,17710.0,Reel
2014-09-15,14385.0,Reel
2014-09-16,22123.0,Reel
2014-09-17,17796.0,Reel
2014-09-18,15946.0,Reel
2014-09-19,20774.0,Reel
2014-09-20,15148.0,Reel
2014-09-21,16765.0,Reel
2014-09-22,21995.0,Reel
2014-09-23,10566.0,Reel
2014-09-24,9880.0,Reel
2014-09-25,17864.0,Reel
2014-09-26,19147.0,Reel
2014-09-27,27164.0,Reel
2014-09-28,20067.0,Reel
2014-09-29,22146.0,Reel
2014-09-30,19977.0,Reel
2014-10-01,22713.0,Reel
2014-10-02,23236.0,Reel
2014-10-03,23346.0,Reel
2014-10-04,22911.0,Reel
2014-10-05,20909.0,Reel
2014-10-06,21934.0,Reel
2014-10-07,13068.0,Reel
2014-10-08,29718.0,Reel
2014-10-09,15120.0,Reel
2014-10-10,16526.0,Reel
2014-10-11,28681.0,Reel
2014-10-12,27888.0,Reel
2014-10-13,20891.0,Reel
2014-10-14,16898.0,Reel
2014-10-15,17975.0,Reel
2014-10-16,18974.0,Reel
2014-10-17,17466.0,Reel
2014-10-18,22180.0,Reel
2014-10-19,22967.0,Reel
2014-10-20,22654.0,Reel
2014-10-21,20391.0,Reel
2014-10-22,20693.0,Reel
2014-10-23,18956.0,Reel
2014-10-24,18913.0,Reel
2014-10-25,23354.0,Reel
2014-10-26,17860.0,Reel
2014-10-27,19416.0,Reel
2014-10-28,15835.0,Reel
2014-10-29,10164.0,Reel
2014-10-30,18954.0,Reel
2014-10-31,19637.0,Reel
2014-11-01,13674.0,Reel
2014-11-02,20745.0,Reel
2014-11-03,15017.0,Reel
2014-11-04,21620.0,Reel
2014-11-05,19485.0,Reel
2014-11-06,15657.0,Reel
2014-11-07,22349.0,Reel
2014-11-08,16271.0,Reel
2014-11-09,23015.0,Reel
2014-11-10,15391.0,Reel
2014-11-11,18806.0,Reel
2014-11-12,16930.0,Reel
2014-11-13,15775.0,Reel
2014-11-14,17554.0,Reel
2014-11-15,16525.0,Reel
2014-11-16,20224.0,Reel
2014-11-17,12762.0,Reel
2014-11-18,27344.0,Reel
2014-11-19,26788.0,Reel
2014-11-20,23396.0,Reel
2014-11-21,18796.0,Reel
2014-11-22,19787.0,Reel
2014-11-23,17705.0,Reel
2014-11-24,21127.0,Reel
2014-11-25,18238.0,Reel
2014-11-26,29724.0,Reel
2014-11-27,26362.0,Reel
2014-11-28,14499.0,Reel
2014-11-29,19363.0,Reel
2014-11-30,20559.0,Reel
2014-12-01,17013.0,Reel
2014-12-02,23401.0,Reel
2014-12-03,30011.0,Reel
2014-12-04,18936.0,Reel
2014-12-05,19933.0,Reel
2014-12-06,26059.0,Reel
2014-12-07,14111.0,Reel
2014-12-08,18684.0,Reel
2014-12-09,18837.0,Reel
2014-12-10,18321.0,Reel
2014-12-11,26698.0,Reel
2014-12-12,27806.0,Reel
2014-12-13,17568.0,Reel
2014-12-14,19846.0,Reel
2014-12-15,16869.0,Reel
2014-12-16,21317.0,Reel
2014-12-17,22973.0,Reel
2014-12-18,19986.0,Reel
2014-12-19,18901.0,Reel
2014-12-20,12850.0,Reel
2014-12-21,11086.0,Reel
2014-12-22,13634.0,Reel
2014-12-23,17414.0,Reel
2014-12-24,12686.0,Reel
2014-12-25,12818.0,Reel
2014-12-26,21044.0,Reel
2014-12-27,18755.0,Reel
2014-12-28,13278.0,Reel
2014-12-29,17972.0,Reel
2014-12-30,20044.0,Reel
2014-12-31,21783.0,Reel
2015-01-01,18600.0,Reel
2015-01-02,23823.0,Reel
2015-01-03,14406.0,Reel
2015-01-04,20637.0,Reel
2015-01-05,10664.0,Reel
2015-01-06,16233.0,Reel
2015-01-07,24396.0,Reel
2015-01-08,22750.0,Reel
2015-01-09,14959.0,Reel
2015-01-10,20651.0,Reel
2015-01-11,19235.0,Reel
2015-01-12,25574.0,Reel
2015-01-13,21861.0,Reel
2015-01-14,24059.0,Reel
2015-01-15,15576.0,Reel
2015-01-16,24465.0,Reel
2015-01-17,25696.0,Reel
2015-01-18,16859.0,Reel
2015-01-19,16325.0,Reel
2015-01-20,20827.0,Reel
2015-01-21,14943.0,Reel
2015-01-22,19312.0,Reel
2015-01-23,24497.0,Reel
2015-01-24,23021.0,Reel
2015-01-25,16309.0,Reel
2015-01-26,12330.0,Reel
2015-01-27,13973.0,Reel
2015-01-28,16262.0,Reel
2015-01-29,25007.0,Reel
2015-01-30,10715.0,Reel
2015-01-31,18479.0,Reel
2015-02-01,22468.0,Reel
2015-02-02,15346.0,Reel
2015-02-03,16034.0,Reel
2015-02-04,12886.0,Reel
2015-02-05,26085.0,Reel
2015-02-06,18441.0,Reel
2015-02-07,9794.0,Reel
2015-02-08,15953.0,Reel
2015-02-09,16686.0,Reel
2015-02-10,21565.0,Reel
2015-02-11,17742.0,Reel
2015-02-12,23205.0,Reel
2015-02-13,20714.0,Reel
2015-02-14,25602.0,Reel
2015-02-15,18632.0,Reel
2015-02-16,19389.0,Reel
2015-02-17,25485.0,Reel
2015-02-18,13500.0,Reel
2015-02-19,23810.0,Reel
2015-02-20,12874.0,Reel
2015-02-21,17876.0,Reel
2015-02-22,14302.0,Reel
2015-02-23,22997.0,Reel
2015-02-24,18790.0,Reel
2015-02-25,10523.0,Reel
2015-02-26,20712.0,Reel
2015-02-27,13085.0,Reel
2015-02-28,17899.0,Reel
2015-03-01,14226.0,Reel
2015-03-02,18577.0,Reel
2015-03-03,15805.0,Reel
2015-03-04,19350.0,Reel
2015-03-05,24045.0,Reel
2015-03-06,15902.0,Reel
2015-03-07,17169.0,Reel
2015-03-08,24597.0,Reel
2015-03-09,20683.0,Reel
2015-03-10,18539.0,Reel
2015-03-11,15051.0,Reel
2015-03-12,15578.0,Reel
2015-03-13,14134.0,Reel
2015-03-14,15333.0,Reel
2015-03-15,16540.0,Reel
2015-03-16,23827.0,Reel
2015-03-17,19809.0,Reel
2015-03-18,19573.0,Reel
2015-03-19,16362.0,Reel
2015-03-20,11169.0,Reel
2015-03-21,18835.0,Reel
2015-03-22,15716.0,Reel
2015-03-23,16954.0,Reel
2015-03-24,15152.0,Reel
2015-03-25,27065.0,Reel
2015-03-26,19156.0,Reel
2015-03-27,13124.0,Reel
2015-03-28,14559.0,Reel
2015-03-29,14995.0,Reel
2015-03-30,14641.0,Reel
2015-03-31,16566.0,Reel
2015-04-01,10001.0,Reel
2015-04-02,16238.0,Reel
2015-04-03,22341.0,Reel
2015-04-04,24708.0,Reel
2015-04-05,9987.0,Reel
2015-04-06,16258.0,Reel
2015-04-07,20809.0,Reel
2015-04-08,19814.0,Reel
2015-04-09,19533.0,Reel
2015-04-10,15329.0,Reel
2015-04-11,22289.0,Reel
2015-04-12,19401.0,Reel
2015-04-13,15163.0,Reel
2015-04-14,20474.0,Reel
2015-04-15,12640.0,Reel
2015-04-16,17645.0,Reel
2015-04-17,21598.0,Reel
2015-04-18,21431.0,Reel
2015-04-19,15822.0,Reel
2015-04-20,27340.0,Reel
2015-04-21,17467.0,Reel
2015-04-22,15340.0,Reel
2015-04-23,12659.0,Reel
2015-04-24,21755.0,Reel
2015-04-25,19134.0,Reel
2015-04-26,16610.0,Reel
2015-04-27,21434.0,Reel
2015-04-28,14602.0,Reel
2015-04-29,23233.0,Reel
2015-04-30,16710.0,Reel
2015-05-01,19950.0,Reel
2015-05-02,20243.0,Reel
2015-05-03,16312.0,Reel
2015-05-04,23569.0,Reel
2015-05-05,18157.0,Reel
2015-05-06,20945.0,Reel
2015-05-07,17242.0,Reel
2015-05-08,17356.0,Reel
2015-05-09,12903.0,Reel
2015-05-10,27690.0,Reel
2015-05-11,9262.0,Reel
2015-05-12,17162.0,Reel
2015-05-13,14906.0,Reel
2015-05-14,15103.0,Reel
2015-05-15,24439.0,Reel
2015-05-16,17882.0,Reel
2015-05-17,25923.0,Reel
2015-05-18,23886.0,Reel
2015-05-19,20140.0,Reel
2015-05-20,19104.0,Reel
2015-05-21,16123.0,Reel
2015-05-22,16699.0,Reel
2015-05-23,15907.0,Reel
2015-05-24,15921.0,Reel
2015-05-25,12944.0,Reel
2015-05-26,24184.0,Reel
2015-05-27,16038.0,Reel
2015-05-28,20089.0,Reel
2015-05-29,17885.0,Reel
2015-05-30,13515.0,Reel
2015-05-31,14463.0,Reel
2015-06-01,23244.0,Reel
2015-06-02,19677.0,Reel
2015-06-03,19749.0,Reel
2015-06-04,17536.0,Reel
2015-06-05,21401.0,Reel
2015-06-06,17390.0,Reel
2015-06-07,8965.0,Reel
2015-06-08,14156.0,Reel
2015-06-09,24630.0,Reel
2015-06-10,18606.0,Reel
2015-06-11,22586.0,Reel
2015-06-12,21093.0,Reel
2015-06-13,22271.0,Reel
2015-06-14,16541.0,Reel
2015-06-15,22680.0,Reel
2015-06-16,14992.0,Reel
2015-06-17,29224.0,Reel
2015-06-18,14589.0,Reel
2015-06-19,13746.0,Reel
2015-06-20,18323.0,Reel
2015-06-21,16051.0,Reel
2015-06-22,20985.0,Reel
2015-06-23,14726.0,Reel
2015-06-24,22632.0,Reel
2015-06-25,18468.0,Reel
2015-06-26,19968.0,Reel
2015-06-27,22002.0,Reel
2015-06-28,25580.0,Reel
2015-06-29,19115.0,Reel
2015-06-30,12458.0,Reel
2015-07-01,14853.0,Reel
2015-07-02,22620.0,Reel
2015-07-03,26075.0,Reel
2015-07-04,20024.0,Reel
2015-07-05,20379.0,Reel
2015-07-06,26008.0,Reel
2015-07-07,19192.0,Reel
2015-07-08,14045.0,Reel
2015-07-09,12303.0,Reel
2015-07-10,15243.0,Reel
2015-07-11,16963.0,Reel
2015-07-12,18780.0,Reel
2015-07-13,15628.0,Reel
2015-07-14,27499.0,Reel
2015-07-15,21873.0,Reel
2015-07-16,22492.0,Reel
2015-07-17,14813.0,Reel
2015-07-18,19815.0,Reel
2015-07-19,17022.0,Reel
2015-07-20,16383.0,Reel
2015-07-21,10868.0,Reel
2015-07-22,18687.0,Reel
2015-07-23,21261.0,Reel
2015-07-24,23898.0,Reel
2015-07-25,16170.0,Reel
2015-07-26,21834.0,Reel
2015-07-27,15062.0,Reel
2015-07-28,16029.0,Reel
2015-07-29,17823.0,Reel
2015-07-30,16564.0,Reel
2015-07-31,14416.0,Reel
2015-08-01,21919.0,Reel
2015-08-02,23815.0,Reel
2015-08-03,16537.0,Reel
2015-08-04,13142.0,Reel
2015-08-05,18782.0,Reel
2015-08-06,24320.0,Reel
2015-08-07,22882.0,Reel
2015-08-08,23310.0,Reel
2015-08-09,21200.0,Reel
2015-08-10,11410.0,Reel
2015-08-11,16739.0,Reel
2015-08-12,18740.0,Reel
2015-08-13,27085.0,Reel
2015-08-14,17723.0,Reel
2015-08-15,15293.0,Reel
2015-08-16,16985.0,Reel
2015-08-17,18325.0,Reel
2015-08-18,13936.0,Reel
2015-08-19,23110.0,Reel
2015-08-20,21330.0,Reel
2015-08-21,17552.0,Reel
2015-08-22,19638.0,Reel
2015-08-23,23520.0,Reel
2015-08-24,27809.0,Reel
2015-08-25,22460.0,Reel
2015-08-26,27151.0,Reel
2015-08-27,24078.0,Reel
2015-08-28,16609.0,Reel
2015-08-29,12118.0,Reel
2015-08-30,14546.0,Reel
2015-08-31,19607.0,Reel
2015-09-01,15231.0,Reel
2015-09-02,20535.0,Reel
2015-09-03,17457.0,Reel
2015-09-04,27980.0,Reel
2015-09-05,15849.0,Reel
2015-09-06,13147.0,Reel
2015-09-07,24360.0,Reel
2015-09-08,25411.0,Reel
2015-09-09,11509.0,Reel
2015-09-10,26606.0,Reel
2015-09-11,26514.0,Reel
2015-09-12,18932.0,Reel
2015-09-13,28316.0,Reel
2015-09-14,15833.0,Reel
2015-09-15,21477.0,Reel
2015-09-16,19578.0,Reel
2015-09-17,13564.0,Reel
2015-09-18,21274.0,Reel
2015-09-19,25348.0,Reel
2015-09-20,17623.0,Reel
2015-09-21,13178.0,Reel
2015-09-22,17048.0,Reel
2015-09-23,22344.0,Reel
2015-09-24,17410.0,Reel
2015-09-25,18300.0,Reel
2015-09-26,18164.0,Reel
2015-09-27,22785.0,Reel
2015-09-28,29706.0,Reel
2015-09-29,12033.0,Reel
2015-09-30,11917.0,Reel
2015-10-01,10241.0,Reel
2015-10-02,20335.0,Reel
2015-10-03,19486.0,Reel
2015-10-04,15289.0,Reel
2015-10-05,16129.0,Reel
2015-10-06,15427.0,Reel
2015-10-07,15956.0,Reel
2015-10-08,17358.0,Reel
2015-10-09,16016.0,Reel
2015-10-10,15872.0,Reel
2015-10-11,12247.0,Reel
2015-10-12,15362.0,Reel
2015-10-13,25089.0,Reel
2015-10-14,8228.0,Reel
2015-10-15,23007.0,Reel
2015-10-16,27916.0,Reel
2015-10-17,23626.0,Reel
2015-10-18,16352.0,Reel
2015-10-19,20073.0,Reel
2015-10-20,19342.0,Reel
2015-10-21,19886.0,Reel
2015-10-22,13274.0,Reel
2015-10-23,16944.0,Reel
2015-10-24,17687.0,Reel
2015-10-25,23232.0,Reel
2015-10-26,17396.0,Reel
2015-10-27,24020.0,Reel
2015-10-28,13032.0,Reel
2015-10-29,19759.0,Reel
2015-10-30,21741.0,Reel
2015-10-31,11543.0,Reel
2015-11-01,20211.0,Reel
2015-11-02,13207.0,Reel
2015-11-03,21296.0,Reel
2015-11-04,15655.0,Reel
2015-11-05,25037.0,Reel
2015-11-06,14590.0,Reel
2015-11-07,13722.0,Reel
2015-11-08,21784.0,Reel
2015-11-09,23797.0,Reel
2015-11-10,12184.0,Reel
2015-11-11,23229.0,Reel
2015-11-12,20466.0,Reel
2015-11-13,21289.0,Reel
2015-11-14,17319.0,Reel
2015-11-15,20221.0,Reel
2015-11-16,16669.0,Reel
2015-11-17,23714.0,Reel
2015-11-18,19489.0,Reel
2015-11-19,15630.0,Reel
2015-11-20,10736.0,Reel
2015-11-21,17881.0,Reel
2015-11-22,17750.0,Reel
2015-11-23,17538.0,Reel
2015-11-24,22773.0,Reel
2015-11-25,19086.0,Reel
2015-11-26,15513.0,Reel
2015-11-27,11288.0,Reel
2015-11-28,12231.0,Reel
2015-11-29,17101.0,Reel
2015-11-30,17694.0,Reel
2015-12-01,13182.0,Reel
2015-12-02,11639.0,Reel
2015-12-03,17939.0,Reel
2015-12-04,22782.0,Reel
2015-12-05,27960.0,Reel
2015-12-06,15113.0,Reel
2015-12-07,16764.0,Reel
2015-12-08,22513.0,Reel
2015-12-09,24182.0,Reel
2015-12-10,11472.0,Reel
2015-12-11,25329.0,Reel
2015-12-12,18438.0,Reel
2015-12-13,26691.0,Reel
2015-12-14,20442.0,Reel
2015-12-15,18909.0,Reel
2015-12-16,21610.0,Reel
2015-12-17,18181.0,Reel
2015-12-18,29110.0,Reel
2015-12-19,13987.0,Reel
2015-12-20,22198.0,Reel
2015-12-21,18552.0,Reel
2015-12-22,22502.0,Reel
2015-12-23,19387.0,Reel
2015-12-24,27549.0,Reel
2015-12-25,15627.0,Reel
2015-12-26,20669.0,Reel
2015-12-27,19129.0,Reel
2015-12-28,18830.0,Reel
2015-12-29,27183.0,Reel
2015-12-30,27951.0,Reel
2015-12-31,15563.0,Reel
2016-01-01,20150.0,Reel
2016-01-02,20336.0,Reel
2016-01-03,10079.0,Reel
2016-01-04,24017.0,Reel
2016-01-05,24520.0,Reel
2016-01-06,21871.0,Reel
2016-01-07,22966.0,Reel
2016-01-08,23045.0,Reel
2016-01-09,21630.0,Reel
2016-01-10,30306.0,Reel
2016-01-11,20860.0,Reel
2016-01-12,11883.0,Reel
2016-01-13,16102.0,Reel
2016-01-14,12797.0,Reel
2016-01-15,19487.0,Reel
2016-01-16,12400.0,Reel
2016-01-17,14226.0,Reel
2016-01-18,16634.0,Reel
2016-01-19,18617.0,Reel
2016-01-20,22006.0,Reel
2016-01-21,16933.0,Reel
2016-01-22,18839.0,Reel
2016-01-23,13455.0,Reel
2016-01-24,14901.0,Reel
2016-01-25,13379.0,Reel
2016-01-26,18841.0,Reel
2016-01-27,15911.0,Reel
2016-01-28,17297.0,Reel
2016-01-29,19353.0,Reel
2016-01-30,15914.0,Reel
2016-01-31,17850.0,Reel
2016-02-01,16674.0,Reel
2016-02-02,21635.0,Reel
2016-02-03,16480.0,Reel
2016-02-04,21906.0,Reel
2016-02-05,13008.0,Reel
2016-02-06,17704.0,Reel
2016-02-07,12729.0,Reel
2016-02-08,20053.0,Reel
2016-02-09,10267.0,Reel
2016-02-10,22127.0,Reel
2016-02-11,16192.0,Reel
2016-02-12,17775.0,Reel
2016-02-13,19179.0,Reel
2016-02-14,29378.0,Reel
2016-02-15,26375.0,Reel
2016-02-16,19962.0,Reel
2016-02-17,15625.0,Reel
2016-02-18,14928.0,Reel
2016-02-19,16928.0,Reel
2016-02-20,17592.0,Reel
2016-02-21,16568.0,Reel
2016-02-22,17100.0,Reel
2016-02-23,14953.0,Reel
2016-02-24,16988.0,Reel
2016-02-25,14394.0,Reel
2016-02-26,15322.0,Reel
2016-02-27,22696.0,Reel
2016-02-28,22292.0,Reel
2016-02-29,16724.0,Reel
2016-03-01,20191.0,Reel
2016-03-02,20928.0,Reel
2016-03-03,13749.0,Reel
2016-03-04,15901.0,Reel
2016-03-05,16618.0,Reel
2016-03-06,18398.0,Reel
2016-03-07,13520.0,Reel
2016-03-08,15199.0,Reel
2016-03-09,21260.0,Reel
2016-03-10,18049.0,Reel
2016-03-11,13070.0,Reel
2016-03-12,21712.0,Reel
2016-03-13,16729.0,Reel
2016-03-14,14621.0,Reel
2016-03-15,19339.0,Reel
2016-03-16,14433.0,Reel
2016-03-17,21714.0,Reel
2016-03-18,13016.0,Reel
2016-03-19,22423.0,Reel
2016-03-20,15007.0,Reel
2016-03-21,33321.0,Reel
2016-03-22,11509.0,Reel
2016-03-23,16124.0,Reel
2016-03-24,26077.0,Reel
2016-03-25,15969.0,Reel
2016-03-26,12060.0,Reel
2016-03-27,25714.0,Reel
2016-03-28,20503.0,Reel
2016-03-29,16947.0,Reel
2016-03-30,14281.0,Reel
2016-03-31,21536.0,Reel
2016-04-01,14454.0,Reel
2016-04-02,14447.0,Reel
2016-04-03,12889.0,Reel
2016-04-04,21272.0,Reel
2016-04-05,7713.0,Reel
2016-04-06,16300.0,Reel
2016-04-07,14452.0,Reel
2016-04-08,16649.0,Reel
2016-04-09,24442.0,Reel
2016-04-10,23741.0,Reel
2016-04-11,17519.0,Reel
2016-04-12,21518.0,Reel
2016-04-13,18954.0,Reel
2016-04-14,30326.0,Reel
2016-04-15,12776.0,Reel
2016-04-16,19089.0,Reel
2016-04-17,22926.0,Reel
2016-04-18,19738.0,Reel
2016-04-19,21994.0,Reel
2016-04-20,19265.0,Reel
2016-04-21,29645.0,Reel
2016-04-22,19259.0,Reel
2016-04-23,18534.0,Reel
2016-04-24,26498.0,Reel
2016-04-25,20230.0,Reel
2016-04-26,19160.0,Reel
2016-04-27,19331.0,Reel
2016-04-28,19650.0,Reel
2016-04-29,20792.0,Reel
2016-04-30,24127.0,Reel
2016-05-01,12495.0,Reel
2016-05-02,24587.0,Reel
2016-05-03,15219.0,Reel
2016-05-04,22702.0,Reel
2016-05-05,17796.0,Reel
2016-05-06,23648.0,Reel
2016-05-07,12639.0,Reel
2016-05-08,22123.0,Reel
2016-05-09,21287.0,Reel
2016-05-10,24266.0,Reel
2016-05-11,23693.0,Reel
2016-05-12,14522.0,Reel
2016-05-13,19505.0,Reel
2016-05-14,20911.0,Reel
2016-05-15,24006.0,Reel
2016-05-16,15435.0,Reel
2016-05-17,17286.0,Reel
2016-05-18,27570.0,Reel
2016-05-19,14817.0,Reel
2016-05-20,13344.0,Reel
2016-05-21,23959.0,Reel
2016-05-22,17811.0,Reel
2016-05-23,11746.0,Reel
2016-05-24,19429.0,Reel
2016-05-25,18561.0,Reel
2016-05-26,13732.0,Reel
2016-05-27,14454.0,Reel
2016-05-28,16497.0,Reel
2016-05-29,12677.0,Reel
2016-05-30,14857.0,Reel
2016-05-31,14842.0,Reel
2016-06-01,9537.0,Reel
2016-06-02,16286.0,Reel
2016-06-03,12856.0,Reel
2016-06-04,15830.0,Reel
2016-06-05,15789.0,Reel
2016-06-06,8450.0,Reel
2016-06-07,23751.0,Reel
2016-06-08,18620.0,Reel
2016-06-09,13062.0,Reel
2016-06-10,27304.0,Reel
2016-06-11,22747.0,Reel
2016-06-12,15208.0,Reel
2016-06-13,17217.0,Reel
2016-06-14,21313.0,Reel
2016-06-15,15781.0,Reel
2016-06-16,10265.0,Reel
2016-06-17,26743.0,Reel
2016-06-18,8482.0,Reel
2016-06-19,13944.0,Reel
2016-06-20,15424.0,Reel
2016-06-21,17197.0,Reel
2016-06-22,19140.0,Reel
2016-06-23,21002.0,Reel
2016-06-24,14219.0,Reel
2016-06-25,13922.0,Reel
2016-06-26,17222.0,Reel
2016-06-27,16257.0,Reel
2016-06-28,14466.0,Reel
2016-06-29,9699.0,Reel
2016-06-30,18981.0,Reel
2016-07-01,22361.0,Reel
2016-07-02,20107.0,Reel
2016-07-03,22637.0,Reel
2016-07-04,19050.0,Reel
2016-07-05,16215.0,Reel
2016-07-06,21018.0,Reel
2016-07-07,21717.0,Reel
2016-07-08,16637.0,Reel
2016-07-09,18526.0,Reel
2016-07-10,21044.0,Reel
2016-07-11,15070.0,Reel
2016-07-12,18455.0,Reel
2016-07-13,22714.0,Reel
2016-07-14,19754.0,Reel
2016-07-15,22272.0,Reel
2016-07-16,15968.0,Reel
2016-07-17,14715.0,Reel
2016-07-18,12673.0,Reel
2016-07-19,22265.0,Reel
2016-07-20,17618.0,Reel
2016-07-21,15412.0,Reel
2016-07-22,16316.0,Reel
2016-07-23,23090.0,Reel
2016-07-24,20839.0,Reel
2016-07-25,22729.0,Reel
2016-07-26,25791.0,Reel
2016-07-27,17862.0,Reel
2016-07-28,19861.0,Reel
2016-07-29,11762.0,Reel
2016-07-30,16047.0,Reel
2016-07-31,17966.0,Reel
2016-08-01,18400.0,Reel
2016-08-02,17288.0,Reel
2016-08-03,22297.0,Reel
2016-08-04,12816.0,Reel
2016-08-05,15630.0,Reel
2016-08-06,23840.0,Reel
2016-08-07,23147.0,Reel
2016-08-08,24043.0,Reel
2016-08-09,13336.0,Reel
2016-08-10,14980.0,Reel
2016-08-11,18392.0,Reel
2016-08-12,18201.0,Reel
2016-08-13,16265.0,Reel
2016-08-14,12507.0,Reel
2016-08-15,19005.0,Reel
2016-08-16,24899.0,Reel
2016-08-17,21127.0,Reel
2016-08-18,18233.0,Reel
2016-08-19,23048.0,Reel
2016-08-20,17072.0,Reel
2016-08-21,16651.0,Reel
2016-08-22,18146.0,Reel
2016-08-23,27623.0,Reel
2016-08-24,20307.0,Reel
2016-08-25,18107.0,Reel
2016-08-26,19201.0,Reel
2016-08-27,12387.0,Reel
2016-08-28,22658.0,Reel
2016-08-29,19328.0,Reel
2016-08-30,15832.0,Reel
2016-08-31,20028.0,Reel
2016-09-01,19164.0,Reel
2016-09-02,19017.0,Reel
2016-09-03,18242.0,Reel
2016-09-04,23242.0,Reel
2016-09-05,18546.0,Reel
2016-09-06,20156.0,Reel
2016-09-07,24870.0,Reel
2016-09-08,21242.0,Reel
2016-09-09,31668.0,Reel
2016-09-10,17921.0,Reel
2016-09-11,11765.0,Reel
2016-09-12,19370.0,Reel
2016-09-13,20879.0,Reel
2016-09-14,22727.0,Reel
2016-09-15,16664.0,Reel
2016-09-16,17959.0,Reel
2016-09-17,24002.0,Reel
2016-09-18,22224.0,Reel
2016-09-19,25211.0,Reel
2016-09-20,25438.0,Reel
2016-09-21,12439.0,Reel
2016-09-22,30191.0,Reel
2016-09-23,12772.0,Reel
2016-09-24,19579.0,Reel
2016-09-25,23302.0,Reel
2016-09-26,22859.0,Reel
2016-09-27,17447.0,Reel
2016-09-28,19335.0,Reel
2016-09-29,21576.0,Reel
2016-09-30,16567.0,Reel
2016-10-01,18232.0,Reel
2016-10-02,16040.0,Reel
2016-10-03,11261.0,Reel
2016-10-04,15659.0,Reel
2016-10-05,20492.0,Reel
2016-10-06,14676.0,Reel
2016-10-07,17746.0,Reel
2016-10-08,16305.0,Reel
2016-10-09,24046.0,Reel
2016-10-10,9354.0,Reel
2016-10-11,16160.0,Reel
2016-10-12,21952.0,Reel
2016-10-13,18737.0,Reel
2016-10-14,18271.0,Reel
2016-10-15,13889.0,Reel
2016-10-16,15394.0,Reel
2016-10-17,23191.0,Reel
2016-10-18,16299.0,Reel
2016-10-19,15838.0,Reel
2016-10-20,9054.0,Reel
2016-10-21,16991.0,Reel
2016-10-22,23945.0,Reel
2016-10-23,12832.0,Reel
2016-10-24,12731.0,Reel
2016-10-25,21250.0,Reel
2016-10-26,16205.0,Reel
2016-10-27,15934.0,Reel
2016-10-28,22000.0,Reel
2016-10-29,12577.0,Reel
2016-10-30,28315.0,Reel
2016-10-31,19689.0,Reel
2016-11-01,29651.0,Reel
2016-11-02,20989.0,Reel
2016-11-03,21150.0,Reel
2016-11-04,23079.0,Reel
2016-11-05,28283.0,Reel
2016-11-06,24763.0,Reel
2016-11-07,17017.0,Reel
2016-11-08,21630.0,Reel
2016-11-09,13122.0,Reel
2016-11-10,17202.0,Reel
2016-11-11,12698.0,Reel
2016-11-12,20431.0,Reel
2016-11-13,24204.0,Reel
2016-11-14,16384.0,Reel
2016-11-15,16895.0,Reel
2016-11-16,12551.0,Reel
2016-11-17,11757.0,Reel
2016-11-18,26255.0,Reel
2016-11-19,22547.0,Reel
2016-11-20,12395.0,Reel
2016-11-21,14917.0,Reel
2016-11-22,28406.0,Reel
2016-11-23,22684.0,Reel
2016-11-24,16261.0,Reel
2016-11-25,18892.0,Reel
2016-11-26,24389.0,Reel
2016-11-27,8374.0,Reel
2016-11-28,21762.0,Reel
2016-11-29,20143.0,Reel
2016-11-30,22096.0,Reel
2016-12-01,18370.0,Reel
2016-12-02,17168.0,Reel
2016-12-03,21940.0,Reel
2016-12-04,19551.0,Reel
2016-12-05,24642.0,Reel
2016-12-06,17582.0,Reel
2016-12-07,20923.0,Reel
2016-12-08,18367.0,Reel
2016-12-09,15362.0,Reel
2016-12-10,19243.0,Reel
2016-12-11,18465.0,Reel
2016-12-12,20579.0,Reel
2016-12-13,14213.0,Reel
2016-12-14,15246.0,Reel
2016-12-15,16424.0,Reel
2016-12-16,27435.0,Reel
2016-12-17,16161.0,Reel
2016-12-18,15971.0,Reel
2016-12-19,13512.0,Reel
2016-12-20,15843.0,Reel
2016-12-21,22880.0,Reel
2016-12-22,12786.0,Reel
2016-12-23,23426.0,Reel
2016-12-24,20772.0,Reel
2016-12-25,15168.0,Reel
2016-12-26,17702.0,Reel
2016-12-27,18180.0,Reel
2016-12-28,25891.0,Reel
2016-12-29,20170.0,Reel
2016-12-30,22937.0,Reel
2016-12-31,16417.0,Reel
2017-01-01,25721.0,Reel
2017-01-02,15299.0,Reel
2017-01-03,19846.0,Reel
2017-01-04,20695.0,Reel
2017-01-05,20332.0,Reel
2017-01-06,15852.0,Reel
2017-01-07,15353.0,Reel
2017-01-08,18788.0,Reel
2017-01-09,21937.0,Reel
2017-01-10,14173.0,Reel
2017-01-11,18258.0,Reel
2017-01-12,19248.0,Reel
2017-01-13,18555.0,Reel
2017-01-14,16225.0,Reel
2017-01-15,23377.0,Reel
2017-01-16,12115.0,Reel
2017-01-17,18229.0,Reel
2017-01-18,19749.0,Reel
2017-01-19,19871.0,Reel
2017-01-20,17927.0,Reel
2017-01-21,15045.0,Reel
2017-01-22,14212.0,Reel
2017-01-23,18113.0,Reel
2017-01-24,23976.0,Reel
2017-01-25,18103.0,Reel
2017-01-26,15677.0,Reel
2017-01-27,21543.0,Reel
2017-01-28,16364.0,Reel
2017-01-29,20715.0,Reel
2017-01-30,15352.0,Reel
2017-01-31,25020.0,Reel
2017-02-01,12388.0,Reel
2017-02-02,23340.0,Reel
2017-02-03,19249.0,Reel
2017-02-04,11129.0,Reel
2017-02-05,26043.0,Reel
2017-02-06,12528.0,Reel
2017-02-07,13892.0,Reel
2017-02-08,22050.0,Reel
2017-02-09,18553.0,Reel
2017-02-10,21755.0,Reel
2017-02-11,23250.0,Reel
2017-02-12,14832.0,Reel
2017-02-13,21511.0,Reel
2017-02-14,22741.0,Reel
2017-02-15,31822.0,Reel
2017-02-16,16499.0,Reel
2017-02-17,23381.0,Reel
2017-02-18,17778.0,Reel
2017-02-19,11661.0,Reel
2017-02-20,13185.0,Reel
2017-02-21,19811.0,Reel
2017-02-22,19236.0,Reel
2017-02-23,17721.0,Reel
2017-02-24,26682.0,Reel
2017-02-25,15286.0,Reel
2017-02-26,15961.0,Reel
2017-02-27,17995.0,Reel
2017-02-28,15195.0,Reel
2017-03-01,20477.0,Reel
2017-03-02,19519.0,Reel
2017-03-03,17036.0,Reel
2017-03-04,16901.0,Reel
2017-03-05,20111.0,Reel
2017-03-06,18922.0,Reel
2017-03-07,13544.0,Reel
2017-03-08,21067.0,Reel
2017-03-09,17152.0,Reel
2017-03-10,17954.0,Reel
2017-03-11,17612.0,Reel
2017-03-12,19627.0,Reel
2017-03-13,17483.0,Reel
2017-03-14,13619.0,Reel
2017-03-15,30836.0,Reel
2017-03-16,24398.0,Reel
2017-03-17,20985.0,Reel
2017-03-18,22843.0,Reel
2017-03-19,17294.0,Reel
2017-03-20,12906.0,Reel
2017-03-21,18126.0,Reel
2017-03-22,21204.0,Reel
2017-03-23,21320.0,Reel
2017-03-24,21780.0,Reel
2017-03-25,19806.0,Reel
2017-03-26,24758.0,Reel
2017-03-27,16491.0,Reel
2017-03-28,24456.0,Reel
2017-03-29,22297.0,Reel
2017-03-30,8591.0,Reel
2017-03-31,13564.0,Reel
2017-04-01,15516.0,Reel
2017-04-02,20098.0,Reel
2017-04-03,21374.0,Reel
2017-04-04,18741.0,Reel
2017-04-05,9237.0,Reel
2017-04-06,15108.8994140625,Predit
2017-04-07,16727.052734375,Predit
2017-04-08,16492.3359375,Predit
2017-04-09,17309.2890625,Predit
2017-04-10,16474.55859375,Predit
2017-04-11,15274.40625,Predit
2017-04-12,14548.12109375,Predit
2017-04-13,16498.37109375,Predit
2017-04-14,17962.130859375,Predit
2017-04-15,16364.5166015625,Predit
2017-04-16,16568.537109375,Predit
2017-04-17,16194.2197265625,Predit
2017-04-18,16271.7998046875,Predit
2017-04-19,16262.6201171875,Predit
2017-04-20,16301.294921875,Predit
2017-04-21,16428.10546875,Predit
2017-04-22,16352.88671875,Predit
2017-04-23,16387.384765625,Predit
2017-04-24,16210.919921875,Predit
2017-04-25,16380.576171875,Predit
2017-04-26,16313.13671875,Predit
2017-04-27,16336.50390625,Predit
2017-04-28,16116.9599609375,Predit
2017-04-29,16442.97265625,Predit
2017-04-30,16302.0244140625,Predit
2017-05-01,16399.556640625,Predit
2017-05-02,16407.5703125,Predit
2017-05-03,16367.291015625,Predit
2017-05-04,16332.5205078125,Predit
2017-05-05,16742.107421875,Predit
